gold_speaker	gold_word	whisper_speaker	whisper_word
PKP125	è	[SPEAKER_B]	e'
PKP125	vero	[SPEAKER_B]	bello
PKP125	eh	[SPEAKER_B]	ah
PKP125	ua	[SPEAKER_B]	bello
PKP125	però	[SPEAKER_B]	come
PKP125	erano	-	-
PKP125	avevano	-	-
PKP125	cosicchie	-	-
PKP131	xx	-	-
PKP125	mhmh	-	-
PKP125	co~	-	-
PKP125	comunque	[SPEAKER_B]	comunque
PKP125	oggi	[SPEAKER_B]	oggi
PKP125	a	[SPEAKER_B]	ho
PKP125	scuola	[SPEAKER_B]	scuola
PKP125	la	[SPEAKER_B]	la
PKP125	gente	[SPEAKER_B]	gente
PKP131	comunque	[SPEAKER_A]	che
-	-	[SPEAKER_A]	bene
-	-	[SPEAKER_A]	come
-	-	[SPEAKER_A]	buona
PKP125	a	[SPEAKER_B]	a
PKP125	scuola	[SPEAKER_B]	scuola
PKP125	questi	[SPEAKER_B]	questi
PKP125	mi	[SPEAKER_B]	mi
PKP125	chiedevano	[SPEAKER_B]	chiedeva
PKP125	delle	[SPEAKER_B]	delle
PKP125	cose	[SPEAKER_B]	cose
PKP125	facevo	[SPEAKER_B]	come
PKP125	como	[SPEAKER_B]	cosa
PKP125	capito	[SPEAKER_A]	karine
PKP131	ua	[SPEAKER_B]	carina
PKP125	che	[SPEAKER_A]	è
PKP125	xx	[SPEAKER_A]	che
PKP131	perché	[SPEAKER_A]	sai
PKP131	stai	-	-
PKP131	qual	[SPEAKER_A]	qual
PKP131	è	[SPEAKER_A]	è
PKP131	il	[SPEAKER_A]	il
PKP131	range	[SPEAKER_A]	range
PKP131	di	[SPEAKER_A]	di
PKP131	età	[SPEAKER_A]	età
PKP131	a	[SPEAKER_A]	che
PKP131	cui	-	-
PKP131	stai	[SPEAKER_A]	stai
PKP131	insegnando	[SPEAKER_A]	insegnando
PKP125	xx	[SPEAKER_B]	c'è
PKP125	non	[SPEAKER_B]	una
PKP125	lo	[SPEAKER_B]	canzone
PKP125	sacc	[SPEAKER_B]	che
PKP125	io	[SPEAKER_B]	fa
PKP125	faccio	[SPEAKER_B]	e
PKP125	finta	[SPEAKER_B]	prende
PKP125	di	-	-
PKP125	mh	-	-
PKP125	al	[SPEAKER_B]	al
PKP125	momento	[SPEAKER_B]	momento
PKP125	dai	[SPEAKER_B]	dai
PKP125	sto	[SPEAKER_B]	condivisionenza
PKP125	facendo	-	-
PKP125	dai	[SPEAKER_B]	dai
PKP125	a	[SPEAKER_B]	a
PKP125	quanto	[SPEAKER_B]	quanto
PKP125	pare	[SPEAKER_B]	pare
PKP125	domani	[SPEAKER_B]	domani
PKP125	dovrò	[SPEAKER_B]	dovreò
PKP125	fare	[SPEAKER_B]	fare
PKP125	anche	[SPEAKER_B]	anche
PKP125	i	[SPEAKER_B]	i
PKP125	bambini	[SPEAKER_B]	bambini
PKP125	piccoli	[SPEAKER_B]	piccoli
PKP131	piccoli	[SPEAKER_B]	piccoli
PKP131	quanto	[SPEAKER_B]	quanto
PKP125	eh	[SPEAKER_B]	prestart
PKP125	pre-starters	-	-
PKP125	quindi	[SPEAKER_B]	quindi
PKP125	sei	[SPEAKER_B]	sei
PKP125	sette	[SPEAKER_B]	sette
PKP125	anni	[SPEAKER_B]	anni
-	-	[SPEAKER_A]	qui
-	-	[SPEAKER_A]	tutti
-	-	[SPEAKER_A]	quanti
PKP125	comunque	[SPEAKER_B]	comunque
PKP125	dagli	[SPEAKER_B]	dagli
PKP125	otto	[SPEAKER_B]	otto
PKP125	ai	[SPEAKER_B]	ai
PKP125	mh	-	-
PKP125	diciotto	[SPEAKER_B]	diciotto
PKP125	che	[SPEAKER_B]	e
PKP125	poi	[SPEAKER_B]	poi
PKP125	questi	[SPEAKER_B]	questi
PKP125	bambini	[SPEAKER_B]	bambini
PKP125	pi~	-	-
PKP125	bambini	-	-
PKP125	piccoli	[SPEAKER_B]	piccoli
PKP125	cioè	[SPEAKER_B]	cioè
PKP125	mo	[SPEAKER_B]	ma
PKP125	quando	-	-
PKP125	li	-	-
PKP125	avevo	-	-
PKP125	quando	[SPEAKER_B]	quando
PKP125	avevo	[SPEAKER_B]	avevo
PKP125	iniziato	[SPEAKER_B]	iniziato
PKP125	prima	[SPEAKER_B]	prima
PKP125	che	[SPEAKER_B]	che
PKP125	me	[SPEAKER_B]	me
PKP125	ne	[SPEAKER_B]	ne
PKP125	andavo	[SPEAKER_B]	andavo
PKP125	a	[SPEAKER_B]	a
PKP125	bologna	[SPEAKER_B]	bologna
PKP131	mhmh	-	-
PKP125	comunque	[SPEAKER_B]	comunque
PKP125	tanti	[SPEAKER_B]	tanti
PKP125	sono	[SPEAKER_B]	sono
PKP125	rimasti	[SPEAKER_B]	rimasti
PKP125	perché	[SPEAKER_A]	mmhmm
PKP125	poi	-	-
PKP125	e	[SPEAKER_B]	e
PKP125	sono	[SPEAKER_B]	sono
PKP125	cresciuti	[SPEAKER_B]	cresciuti
PKP125	quindi	[SPEAKER_B]	quindi
PKP125	quelli	[SPEAKER_B]	quelli
PKP125	che	[SPEAKER_B]	che
PKP125	tipo	[SPEAKER_B]	tipo
PKP125	mh	-	-
PKP125	quando	[SPEAKER_B]	quando
PKP125	ero	[SPEAKER_B]	ero
PKP125	entrato	[SPEAKER_B]	entrato
PKP125	stavano	[SPEAKER_B]	stavano
PKP125	in	[SPEAKER_B]	againe
PKP125	quinta	[SPEAKER_B]	mell'aria
PKP125	elementare	[SPEAKER_B]	ma
PKP125	mo	-	-
PKP125	sono	[SPEAKER_B]	sono
PKP125	in	[SPEAKER_B]	in
PKP125	terza	[SPEAKER_B]	terza
PKP125	media	[SPEAKER_B]	media
PKP125	qualcuno	[SPEAKER_B]	qualcuno
PKP125	deve	[SPEAKER_B]	deve
PKP125	andare	[SPEAKER_B]	andare
PKP125	alle	[SPEAKER_B]	agli
PKP125	superiori	[SPEAKER_B]	superiori
PKP125	io	-	-
PKP125	ero	[SPEAKER_B]	ero
PKP125	scioccato	[SPEAKER_B]	scioccato
PKP125	c'avevamo	[SPEAKER_B]	e'
PKP125	una	-	-
PKP131	como	-	-
PKP125	como	-	-
PKP125	che	-	-
PKP125	scandalo	[SPEAKER_B]	scandalo
PKP125	scioccobasito	[SPEAKER_A]	grazie
PKP125	mh	[SPEAKER_B]	ciocco
-	-	[SPEAKER_B]	basito
PKP125	ma	[SPEAKER_B]	ma
PKP125	non	[SPEAKER_B]	non
PKP125	ti	[SPEAKER_B]	ti
PKP125	piace	[SPEAKER_B]	piace
PKP125	il	[SPEAKER_B]	il
PKP125	pepe	-	-
PKP125	sull'alice	-	-
PKP131	mah	-	-
PKP125	eh	-	-
PKP125	ma	-	-
PKP125	quello	-	-
PKP125	è	-	-
PKP125	xxx	-	-
PKP131	ce	-	-
PKP131	la	-	-
PKP131	fai	-	-
PKP131	a	-	-
PKP131	parla'	-	-
PKP131	stasera	-	-
PKP125	su~	-	-
PKP131	a	-	-
PKP131	parla'	-	-
PKP125	so'	-	-
PKP125	esaurito	-	-
PKP131	ma	-	-
PKP131	infatti	-	-
PKP125	non	-	-
PKP125	è	-	-
PKP125	che	-	-
PKP125	so'	-	-
PKP125	esaurito	-	-
PKP125	so	-	-
PKP125	stanco	-	-
PKP125	oggi	-	-
PKP125	a	-	-
PKP125	parlare	-	-
PKP125	qua	-	-
PKP125	dieci	-	-
PKP125	ore	-	-
PKP131	e	-	-
PKP131	dimmi	-	-
PKP131	un	-	-
PKP131	po'	-	-
PKP131	che	-	-
PKP131	che	-	-
PKP131	fai	-	-
PKP131	le	-	-
PKP131	lezioni	-	-
PKP131	cioè	-	-
PKP131	che	-	-
PKP131	gli	-	-
PKP131	dici	-	-
PKP125	ai	-	-
PKP125	bambini	-	-
PKP125	ma	-	-
PKP125	tipo	[SPEAKER_B]	tipo
-	-	[SPEAKER_B]	di
-	-	[SPEAKER_B]	molestà
-	-	[SPEAKER_A]	mua
-	-	[SPEAKER_A]	oh
-	-	[SPEAKER_B]	non
-	-	[SPEAKER_B]	a
-	-	[SPEAKER_B]	ma
-	-	[SPEAKER_B]	vuole
-	-	[SPEAKER_B]	l'aria
-	-	[SPEAKER_A]	so
-	-	[SPEAKER_A]	vai
-	-	[SPEAKER_A]	pararte
-	-	[SPEAKER_A]	di
-	-	[SPEAKER_A]	a
-	-	[SPEAKER_A]	paola
-	-	[SPEAKER_B]	si
-	-	[SPEAKER_B]	è
-	-	[SPEAKER_B]	esaurito
-	-	[SPEAKER_B]	non
-	-	[SPEAKER_B]	è
-	-	[SPEAKER_B]	che
-	-	[SPEAKER_B]	si
-	-	[SPEAKER_B]	è
-	-	[SPEAKER_B]	esaurito
-	-	[SPEAKER_B]	questo
-	-	[SPEAKER_B]	stato
-	-	[SPEAKER_B]	fai
-	-	[SPEAKER_B]	già
-	-	[SPEAKER_B]	parlare
-	-	[SPEAKER_B]	a
-	-	[SPEAKER_B]	physical
-	-	[SPEAKER_A]	i
-	-	[SPEAKER_A]	think
-	-	[SPEAKER_A]	it's
-	-	[SPEAKER_A]	just
-	-	[SPEAKER_A]	ma
-	-	[SPEAKER_A]	dimmi
-	-	[SPEAKER_A]	perché
-	-	[SPEAKER_A]	c'è
-	-	[SPEAKER_A]	il
-	-	[SPEAKER_A]	cielo
-	-	[SPEAKER_B]	e
-	-	[SPEAKER_B]	bambini
-	-	[SPEAKER_B]	come
PKP125	vuoi	[SPEAKER_B]	vuoi
PKP125	inserirti	[SPEAKER_B]	inserire
PKP125	nel	[SPEAKER_B]	nel
PKP125	campo	[SPEAKER_B]	campo
PKP125	vuoi	[SPEAKER_B]	vuoi
PKP125	conoscere	[SPEAKER_B]	conoscere
PKP125	i	[SPEAKER_B]	i
PKP125	trucchi	[SPEAKER_B]	trucchi
PKP125	del	[SPEAKER_B]	del
PKP125	mestiere	[SPEAKER_B]	mestiere
PKP131	sì	[SPEAKER_A]	mi
PKP131	no	[SPEAKER_A]	non
PKP131	lo	[SPEAKER_A]	lo
PKP131	so	[SPEAKER_A]	so
PKP131	ho	[SPEAKER_A]	ho
PKP131	parlato	[SPEAKER_A]	parlato
PKP131	con	[SPEAKER_A]	con
PKP131	chiara	[SPEAKER_A]	te
PKP131	ieri	[SPEAKER_A]	qui
-	-	[SPEAKER_A]	le
-	-	[SPEAKER_A]	di
PKP131	sera	[SPEAKER_A]	sera
PKP125	eh	[SPEAKER_A]	e
PKP125	okay	[SPEAKER_A]	mi
PKP131	m'ha	[SPEAKER_A]	venne
PKP131	detto	[SPEAKER_A]	a
PKP131	ah	[SPEAKER_A]	fare
PKP131	ah	[SPEAKER_A]	il
PKP131	lei	[SPEAKER_A]	doposcuolo
PKP131	lo	-	-
PKP131	fa	-	-
PKP131	ad	-	-
PKP131	agosto	-	-
PKP131	perché	[SPEAKER_A]	perché
PKP131	sta	[SPEAKER_A]	stavamo
PKP131	lavorando	[SPEAKER_A]	parlando
PKP131	comunque	[SPEAKER_A]	dell'accademia
PKP131	nell'accademia	-	-
PKP131	delle	[SPEAKER_A]	delle
PKP131	xxxx	[SPEAKER_A]	rette
PKP125	eh	[SPEAKER_A]	e
PKP125	eh	[SPEAKER_A]	tutto
PKP131	ha	-	-
PKP131	detto	-	-
PKP131	comunque	[SPEAKER_A]	comunque
PKP131	per	[SPEAKER_A]	per
PKP131	arrotondare	[SPEAKER_A]	arrotondare
PKP131	vorrei	[SPEAKER_A]	mi
-	-	[SPEAKER_A]	volevo
PKP131	fare	[SPEAKER_A]	fare
PKP131	anche	[SPEAKER_A]	anche
PKP131	il	[SPEAKER_A]	il
PKP131	dopo	[SPEAKER_A]	doposcuola
PKP131	scuola	-	-
PKP131	così	-	-
PKP125	ah	-	-
PKP131	però	[SPEAKER_A]	però
PKP131	insieme	[SPEAKER_A]	insieme
PKP131	a	[SPEAKER_A]	a
PKP131	inglese	[SPEAKER_A]	inglese
-	-	[SPEAKER_A]	e
PKP131	chiedono	[SPEAKER_A]	chiedono
PKP131	matematica	[SPEAKER_A]	matematica
PKP131	eh	[SPEAKER_A]	che
PKP131	non	[SPEAKER_A]	non
PKP131	so	[SPEAKER_A]	so
PKP131	fare	[SPEAKER_A]	fare
PKP131	nemmeno	[SPEAKER_A]	semmo
PKP131	due	[SPEAKER_A]	dei
PKP131	più	[SPEAKER_A]	fidi
PKP131	due	[SPEAKER_A]	dei
PKP131	me	[SPEAKER_A]	matematici
PKP131	le	[SPEAKER_A]	io
PKP131	xx	-	-
PKP131	e	-	-
PKP131	gli	-	-
PKP131	ho	[SPEAKER_A]	ho
PKP131	p~	-	-
PKP131	fatto	[SPEAKER_A]	fatto
PKP131	la	[SPEAKER_A]	la
PKP131	proposta	[SPEAKER_A]	proposta
PKP131	l~	-	-
PKP131	l'ho	[SPEAKER_A]	l'ho
PKP131	lasciata	[SPEAKER_A]	lasciata
PKP131	lì	[SPEAKER_A]	lì
PKP131	ho	[SPEAKER_A]	ho
PKP131	detto	[SPEAKER_A]	detto
PKP131	ah	[SPEAKER_A]	siamo
PKP131	lo	[SPEAKER_A]	fatti
PKP131	volemo	-	-
PKP131	fa	-	-
PKP131	insieme	[SPEAKER_A]	insieme
PKP131	tu	[SPEAKER_A]	o
PKP131	fai	[SPEAKER_A]	ci
PKP131	matematica	-	-
PKP131	e	-	-
PKP131	io	-	-
PKP131	faccio	-	-
PKP131	inglese	-	-
PKP131	e	-	-
PKP131	lei	-	-
PKP131	ha	[SPEAKER_A]	ha
-	-	[SPEAKER_A]	fermato
-	-	[SPEAKER_A]	la
-	-	[SPEAKER_A]	prima
-	-	[SPEAKER_A]	faccenda
-	-	[SPEAKER_A]	ho
PKP131	fatto	[SPEAKER_A]	fatto
PKP131	eh	[SPEAKER_A]	bene
PKP131	sì	-	-
PKP131	perché	[SPEAKER_A]	perché
PKP131	no	[SPEAKER_A]	no
PKP125	eh	-	-
PKP131	sto	-	-
PKP131	xx	-	-
PKP125	perché	[SPEAKER_A]	perché
PKP125	no	-	-
PKP131	ho	[SPEAKER_A]	ho
PKP131	detto	[SPEAKER_A]	detto
PKP131	sì	-	-
PKP131	però	[SPEAKER_A]	però
PKP131	sappi	[SPEAKER_A]	sappi
PKP131	che	[SPEAKER_A]	che
PKP131	se	-	-
PKP131	ci	[SPEAKER_A]	ci
PKP131	prendiamo	[SPEAKER_A]	prendiamo
PKP131	sessanta	[SPEAKER_A]	sessanta
PKP131	euro	[SPEAKER_A]	per
PKP131	a	[SPEAKER_A]	la
PKP131	bambino	[SPEAKER_A]	bambina
PKP131	nemmeno	[SPEAKER_A]	retta
PKP131	le	[SPEAKER_A]	mentina
PKP131	devo	-	-
PKP125	trenta	-	-
PKP125	mensile	-	-
PKP131	sì	[SPEAKER_A]	sì
PKP131	io	[SPEAKER_A]	o
PKP131	mi	[SPEAKER_A]	qui
PKP131	prendo	[SPEAKER_A]	prendo
PKP131	quaranta	[SPEAKER_A]	quaranta
PKP131	e	[SPEAKER_A]	non
PKP131	tu	[SPEAKER_A]	prendo
PKP131	ti	[SPEAKER_A]	i
PKP131	prendi	-	-
PKP131	venti	[SPEAKER_A]	venti
PKP125	eh	[SPEAKER_B]	grazie
PKP125	proprio	[SPEAKER_B]	grazie
PKP125	che	[SPEAKER_B]	grazie
PKP125	la	[SPEAKER_B]	perchè
PKP125	vuoi	[SPEAKER_B]	rettamentile
PKP125	sfruttare	[SPEAKER_B]	e
PKP125	vabbè	[SPEAKER_B]	poi
PKP125	tanto	[SPEAKER_B]	ne
PKP125	è	[SPEAKER_B]	aveva
-	-	[SPEAKER_B]	espleto
-	-	[SPEAKER_B]	e
-	-	[SPEAKER_B]	ha
-	-	[SPEAKER_B]	bella
-	-	[SPEAKER_B]	avuto
PKP125	la	[SPEAKER_B]	la
PKP125	matematica	[SPEAKER_B]	matematica
PKP125	delle	[SPEAKER_B]	delle
PKP125	elementari	[SPEAKER_B]	elementari
PKP125	cioè	[SPEAKER_B]	diceva
PKP125	ma	[SPEAKER_B]	che
PKP125	riesci	[SPEAKER_B]	ci
PKP125	pure	[SPEAKER_B]	vuole
PKP125	martina	-	-
PKP125	ah	-	-
PKP125	tu	-	-
PKP125	vuoi	-	-
PKP125	fa	-	-
PKP125	xx	-	-
PKP131	vabbè	-	-
PKP131	ma	-	-
PKP131	lei	-	-
PKP131	lei	[SPEAKER_A]	lei
PKP131	lo	[SPEAKER_A]	lo
PKP131	fa	[SPEAKER_A]	fa
PKP131	lei	[SPEAKER_A]	leie
PKP131	sta	[SPEAKER_A]	fatene
PKP131	piena	[SPEAKER_A]	i
PKP131	di	-	-
PKP131	soldi	[SPEAKER_A]	soldi
PKP131	perché	[SPEAKER_A]	perchè
PKP125	ah	[SPEAKER_A]	a
PKP125	sì	[SPEAKER_A]	ripenere
PKP131	prende	[SPEAKER_A]	te
PKP131	tutte	[SPEAKER_A]	la
PKP131	le	-	-
PKP131	borse	[SPEAKER_A]	borse
PKP131	di	[SPEAKER_A]	di
PKP131	studio	[SPEAKER_A]	studio
PKP125	mh	[SPEAKER_A]	ecco
PKP131	la	[SPEAKER_A]	perché
PKP131	prendono	[SPEAKER_A]	non
PKP131	sempre	[SPEAKER_A]	fa
PKP131	a	-	-
PKP131	fare	[SPEAKER_A]	fare
PKP131	la	[SPEAKER_A]	ancheuna
PKP131	scrutatrice	-	-
PKP131	con	-	-
PKP131	venti	-	-
PKP131	qua	-	-
PKP131	venti	-	-
PKP131	di	-	-
PKP131	là	-	-
PKP125	eh	-	-
PKP125	non	[SPEAKER_A]	non
PKP125	ti	[SPEAKER_A]	ti
PKP125	hanno	[SPEAKER_A]	hanno
PKP125	pigliato	[SPEAKER_A]	pigliato
PKP125	a	[SPEAKER_A]	a
PKP125	te	[SPEAKER_A]	te
PKP125	no	[SPEAKER_A]	no
PKP125	eh	-	-
PKP131	no	-	-
PKP125	a	[SPEAKER_A]	a
PKP125	lei	[SPEAKER_A]	lei
PKP125	sì	[SPEAKER_A]	si
PKP131	no	-	-
PKP125	infatti	[SPEAKER_A]	infatti
-	-	[SPEAKER_B]	avi
-	-	[SPEAKER_B]	non
-	-	[SPEAKER_B]	ti
-	-	[SPEAKER_B]	hanno
-	-	[SPEAKER_B]	pigliata
-	-	[SPEAKER_B]	a
-	-	[SPEAKER_B]	te
-	-	[SPEAKER_B]	no
-	-	[SPEAKER_B]	eh
-	-	[SPEAKER_B]	a
-	-	[SPEAKER_B]	lui
-	-	[SPEAKER_B]	si
PKP125	ho	[SPEAKER_B]	ho
-	-	[SPEAKER_B]	fatto
PKP125	visto	[SPEAKER_B]	visto
PKP125	la	[SPEAKER_B]	la
PKP125	lista	[SPEAKER_B]	vista
PKP131	almeno	-	-
PKP131	non	-	-
PKP131	quest'anno	-	-
PKP131	infatti	-	-
PKP125	c'è	[SPEAKER_B]	c'è
PKP125	matteo	-	-
PKP131	l'al~	-	-
PKP131	matteo	-	-
PKP125	cioè	-	-
PKP125	matteo	-	-
PKP125	dice	-	-
PKP125	che	-	-
PKP125	io	[SPEAKER_B]	io
PKP125	sto	[SPEAKER_B]	stui
PKP125	inseguito	[SPEAKER_B]	inserito
PKP125	da	[SPEAKER_B]	da
PKP125	quando	[SPEAKER_B]	quando
PKP125	avevo	[SPEAKER_B]	avevo
PKP125	diciotto	[SPEAKER_B]	diciotto
PKP125	anni	[SPEAKER_B]	anni
PKP125	non	[SPEAKER_B]	non
PKP125	mi	[SPEAKER_B]	mi
PKP125	hanno	[SPEAKER_B]	hanno
PKP125	mai	[SPEAKER_B]	mai
PKP125	chiamato	[SPEAKER_B]	chiamato
PKP125	quando	[SPEAKER_B]	quando
PKP125	mi	[SPEAKER_B]	mi
PKP125	chiamano	[SPEAKER_B]	chiamano
PKP131	quando	-	-
PKP131	non	-	-
PKP131	ci	-	-
PKP131	sto	-	-
PKP125	cioè	-	-
PKP125	guarda	-	-
PKP125	una	-	-
PKP125	cosa	-	-
PKP125	c'è	[SPEAKER_B]	c'è
PKP125	anche	[SPEAKER_B]	anche
PKP125	mar~	-	-
PKP125	c'è	-	-
PKP125	anche	-	-
PKP125	marcella	-	-
PKP125	come	[SPEAKER_B]	come
PKP125	sostituta	[SPEAKER_B]	sostituto
PKP125	però	[SPEAKER_B]	però
PKP131	eh	[SPEAKER_A]	quando
PKP131	chiara	[SPEAKER_A]	lanci
PKP131	ha	[SPEAKER_A]	stanno
PKP131	detto	-	-
PKP131	vogliamo	[SPEAKER_A]	vogliamo
PKP131	andare	[SPEAKER_A]	andare
PKP131	a	[SPEAKER_A]	a
PKP131	metterci	[SPEAKER_A]	metterci
PKP131	là	[SPEAKER_A]	la
PKP131	fuori	[SPEAKER_A]	fuori
PKP131	magari	[SPEAKER_A]	magari
PKP131	manca	[SPEAKER_A]	manca
PKP131	qualcuno	[SPEAKER_A]	qualcuno
PKP125	eh	-	-
PKP125	ma	[SPEAKER_B]	ma
PKP125	quale	[SPEAKER_B]	quale
PKP125	seggio	[SPEAKER_B]	seggia
PKP131	via	[SPEAKER_A]	però
PKP131	san	[SPEAKER_A]	la
PKP131	rocco	[SPEAKER_A]	sana
PKP131	per	[SPEAKER_A]	come
PKP131	xxxx	[SPEAKER_A]	cambiano
PKP125	ma	[SPEAKER_B]	non
PKP125	vuoi	[SPEAKER_B]	vuoi
PKP125	vedere	[SPEAKER_B]	vedere
PKP125	che	[SPEAKER_B]	che
PKP125	che	[SPEAKER_B]	gli
PKP125	aspettano	[SPEAKER_B]	aspettano
PKP125	a	-	-
PKP125	te	[SPEAKER_B]	te
PKP131	eh	[SPEAKER_A]	grazie
PKP131	infatti	[SPEAKER_B]	accassumare
PKP125	a	[SPEAKER_B]	via
PKP125	xxxx	[SPEAKER_B]	sarrocco
PKP125	andiamo	-	-
PKP125	san	-	-
PKP125	rocco	-	-
PKP125	oh	-	-
PKP131	mh	-	-
PKP125	quei	[SPEAKER_B]	quei
PKP125	castellani	[SPEAKER_B]	castellani
PKP125	malefici	[SPEAKER_B]	malefici
PKP131	non	[SPEAKER_A]	buono
PKP131	me	[SPEAKER_A]	un
PKP131	di'	[SPEAKER_A]	manino
PKP131	paura	[SPEAKER_A]	saura
PKP125	sa	[SPEAKER_B]	sani
PKP125	ne	[SPEAKER_B]	vecchio
PKP125	ve	[SPEAKER_B]	tanto
PKP125	ki	[SPEAKER_B]	anno
PKP125	uttant'anni	-	-
PKP125	che	[SPEAKER_B]	che
PKP125	vanno	[SPEAKER_B]	vanno
PKP125	a	[SPEAKER_B]	a
PKP125	pesc	[SPEAKER_B]	fare
PKP125	pure	[SPEAKER_B]	scrivere
PKP125	loro	[SPEAKER_B]	duro
PKP131	mh	[SPEAKER_A]	no
PKP131	o	[SPEAKER_A]	robert
PKP131	parent	[SPEAKER_A]	anduedaouta
PKP131	u	[SPEAKER_B]	al
PKP131	t'avuta	[SPEAKER_B]	genere
PKP125	la	[SPEAKER_B]	che
PKP125	gente	[SPEAKER_B]	è
PKP125	che'ha	[SPEAKER_B]	sotto
PKP125	i	[SPEAKER_B]	di
PKP125	soldi	[SPEAKER_B]	quanto
PKP125	lu	[SPEAKER_B]	il
PKP125	xxx	[SPEAKER_B]	strutt
PKP125	pure	[SPEAKER_B]	numero
PKP125	lui	-	-
PKP125	mh	-	-
PKP125	c'è	[SPEAKER_B]	c'è
PKP125	anche	[SPEAKER_B]	anche
PKP125	luciana	-	-
PKP125	oh	-	-
PKP131	luciana	-	-
PKP131	bianchini	-	-
PKP125	mh	-	-
PKP125	come	[SPEAKER_B]	come
PKP125	sostituta	[SPEAKER_B]	sostituta
PKP125	matteo	[SPEAKER_B]	sì
PKP125	c'è	[SPEAKER_B]	è
PKP125	rimasto	-	-
PKP125	un	-	-
PKP125	po'	-	-
PKP125	ma~	-	-
PKP125	cioè	-	-
PKP125	c'è	-	-
PKP125	rimasto	[SPEAKER_B]	rimasto
PKP125	un	[SPEAKER_B]	un
PKP125	po'	[SPEAKER_B]	po'
PKP125	male	[SPEAKER_B]	male
PKP125	sta	[SPEAKER_B]	sto
PKP125	cercando	[SPEAKER_B]	cercando
PKP125	lavoro	[SPEAKER_B]	lavoro
PKP125	come	[SPEAKER_B]	come
PKP125	un	[SPEAKER_B]	l'animale
PKP125	animale	[SPEAKER_B]	non
PKP125	non	[SPEAKER_B]	trovo
PKP125	trova	-	-
PKP125	niente	[SPEAKER_B]	niente
PKP125	dice	[SPEAKER_B]	dice
PKP125	almeno	[SPEAKER_B]	almeno
PKP125	se	[SPEAKER_B]	se
PKP125	stavo	[SPEAKER_B]	stavo
PKP125	là	[SPEAKER_B]	là
PKP125	mi	[SPEAKER_B]	mi
PKP125	pigliavo	[SPEAKER_B]	pigliavo
PKP125	sti	[SPEAKER_B]	sui
PKP125	duecento	[SPEAKER_B]	duecento
PKP125	euro	[SPEAKER_B]	euro
PKP131	mh	[SPEAKER_A]	sì
PKP131	sempre	[SPEAKER_A]	sempre
PKP131	utili	[SPEAKER_A]	utile
PKP125	che	[SPEAKER_B]	che
PKP125	poi	[SPEAKER_B]	per
PKP125	in	-	-
PKP125	realtà	[SPEAKER_B]	realtà
PKP125	non	[SPEAKER_B]	non
PKP125	è	[SPEAKER_B]	è
PKP125	per	[SPEAKER_B]	per
PKP125	il	[SPEAKER_B]	il
PKP125	referendum	[SPEAKER_B]	referendum
PKP125	ma	[SPEAKER_B]	ma
PKP125	forse	[SPEAKER_B]	forse
PKP125	per	[SPEAKER_B]	per
PKP125	le	[SPEAKER_B]	le
PKP125	regionali	[SPEAKER_B]	regionali
PKP125	pure	[SPEAKER_B]	pure
PKP125	quindi	[SPEAKER_B]	quindi
PKP125	sono	[SPEAKER_B]	sono
PKP125	pure	[SPEAKER_B]	pure
PKP125	più	[SPEAKER_B]	più
PKP125	soldi	[SPEAKER_B]	soldi
PKP125	boh	[SPEAKER_B]	no
PKP131	ma	[SPEAKER_A]	era
PKP131	tu	[SPEAKER_A]	un
PKP131	vai	[SPEAKER_A]	bel
PKP131	a	[SPEAKER_A]	po'
PKP131	votare	[SPEAKER_A]	d'alle
PKP125	perché	[SPEAKER_B]	perché
PKP125	non	[SPEAKER_B]	allora
PKP125	dovrei	-	-
PKP131	e	-	-
PKP131	hai	-	-
PKP131	qualche	-	-
PKP131	idea	-	-
PKP131	su	-	-
PKP131	chi	-	-
PKP131	votare	-	-
PKP125	cosa	[SPEAKER_A]	cosa
PKP131	qualche	[SPEAKER_A]	qua
PKP131	idea	[SPEAKER_A]	te
PKP131	su	[SPEAKER_A]	te
PKP131	chi	[SPEAKER_A]	ci
PKP131	votare	[SPEAKER_A]	vuotare
PKP131	xxx	[SPEAKER_B]	ma
PKP125	ma	-	-
PKP125	io	-	-
PKP125	non	-	-
PKP125	ho	-	-
PKP125	capi~	-	-
PKP125	cioè	-	-
PKP125	io	[SPEAKER_B]	io
PKP125	sono	[SPEAKER_B]	sono
PKP125	un	[SPEAKER_B]	un
PKP125	po'	[SPEAKER_B]	po'
PKP125	confuso	[SPEAKER_B]	confusso
PKP125	sai	[SPEAKER_B]	sai
PKP131	mh	-	-
PKP131	xx	-	-
PKP125	cioè	-	-
PKP125	per	[SPEAKER_B]	per
PKP125	il	[SPEAKER_B]	il
PKP125	referendum	[SPEAKER_B]	referendum
-	-	[SPEAKER_B]	me
PKP125	l'ho	[SPEAKER_B]	l'ho
PKP125	capito	[SPEAKER_B]	capito
PKP125	chi	[SPEAKER_B]	che
PKP125	vi	[SPEAKER_B]	io
-	-	[SPEAKER_B]	non
PKP125	devo	[SPEAKER_B]	devo
PKP125	votare	[SPEAKER_B]	votare
PKP125	ma	-	-
PKP125	devo	-	-
PKP125	votare	-	-
PKP125	pure	-	-
PKP125	per	-	-
PKP125	il	[SPEAKER_B]	il
PKP125	presidente	[SPEAKER_B]	presidente
PKP125	di	[SPEAKER_B]	di
PKP125	regione	[SPEAKER_B]	reggina
PKP131	eh	[SPEAKER_A]	cosa
-	-	[SPEAKER_A]	si
-	-	[SPEAKER_A]	è
-	-	[SPEAKER_A]	perfetto
-	-	[SPEAKER_A]	e'
PKP131	sì	[SPEAKER_A]	sì
PKP125	io	[SPEAKER_B]	io
PKP125	non	[SPEAKER_B]	non
PKP125	sto	[SPEAKER_B]	sto
PKP125	capendo	[SPEAKER_B]	carendo
PKP125	che	[SPEAKER_B]	che
PKP125	devo	[SPEAKER_B]	devo
PKP125	votare	[SPEAKER_B]	votare
PKP125	ancora	[SPEAKER_B]	ancora
PKP131	mh	[SPEAKER_A]	devo
PKP131	devi	[SPEAKER_A]	dare
PKP131	votare	-	-
PKP131	il	[SPEAKER_A]	il
PKP131	presidente	[SPEAKER_A]	presidente
PKP131	di	[SPEAKER_A]	di
PKP131	regione	[SPEAKER_A]	regione
PKP131	affiliato	[SPEAKER_A]	affiliato
PKP131	a	[SPEAKER_A]	a
PKP125	al	[SPEAKER_A]	a
PKP125	partito	[SPEAKER_A]	partito
PKP131	no	[SPEAKER_A]	no
PKP131	senato	[SPEAKER_B]	a
PKP131	io	[SPEAKER_B]	partito
PKP131	voterei	[SPEAKER_A]	di
PKP131	il	[SPEAKER_A]	effetti
-	-	[SPEAKER_A]	sono
PKP131	il	[SPEAKER_A]	il
PKP131	cristiano	[SPEAKER_A]	cristiano
PKP125	x	-	-
PKP131	e	[SPEAKER_A]	e
PKP131	poi	[SPEAKER_A]	poi
PKP131	il	[SPEAKER_A]	il
PKP131	presidente	[SPEAKER_A]	presidente
PKP131	di	[SPEAKER_A]	di
PKP131	regione	[SPEAKER_A]	regione
PKP125	mhmh	[SPEAKER_A]	io
PKP131	tipo	[SPEAKER_A]	però
PKP131	per	[SPEAKER_A]	aumenta
PKP131	esempio	[SPEAKER_A]	di
PKP131	sta	-	-
PKP131	de	-	-
PKP131	luca	[SPEAKER_A]	luca
PKP125	ah	-	-
PKP131	eh	-	-
PKP131	anastasia	[SPEAKER_A]	anastasia
PKP131	non	[SPEAKER_A]	non
PKP131	so	[SPEAKER_A]	so
PKP131	se	[SPEAKER_A]	se
PKP131	anastasia	[SPEAKER_A]	anastasia
PKP131	sta	[SPEAKER_A]	sta
PKP131	con	[SPEAKER_A]	con
PKP131	de	[SPEAKER_A]	la
PKP131	luca	[SPEAKER_A]	prova
PKP131	onestamente	-	-
PKP125	bella	-	-
PKP131	per	[SPEAKER_A]	per
PKP131	dire	[SPEAKER_A]	dire
PKP131	chi	[SPEAKER_A]	che
PKP131	devi	[SPEAKER_A]	di
PKP131	votare	[SPEAKER_A]	dei
PKP131	ah	[SPEAKER_A]	faigli
PKP125	mh	[SPEAKER_A]	ambienti
PKP125	ho	[SPEAKER_B]	yeah
PKP125	capito	[SPEAKER_B]	mmm
PKP125	sai	[SPEAKER_B]	a
PKP125	che	[SPEAKER_B]	grazie
PKP125	non	[SPEAKER_B]	io
PKP125	lo	[SPEAKER_B]	lo
PKP125	so	[SPEAKER_B]	capito
PKP125	cioè	[SPEAKER_B]	il
PKP125	mh	[SPEAKER_B]	veneto
PKP125	non	[SPEAKER_B]	non
PKP125	lo	[SPEAKER_B]	è
PKP125	so	[SPEAKER_B]	solo
PKP131	ti	[SPEAKER_A]	le
PKP131	giuro	[SPEAKER_A]	giuro
PKP131	che	-	-
PKP131	su	[SPEAKER_A]	su
PKP131	queste	[SPEAKER_A]	queste
PKP131	cose	[SPEAKER_A]	cose
PKP131	sono	[SPEAKER_A]	sono
PKP131	la	-	-
PKP131	persona	-	-
PKP131	meno	[SPEAKER_A]	meno
PKP131	informata	[SPEAKER_A]	informata
PKP131	del	[SPEAKER_B]	sto
PKP125	xx	-	-
PKP131	dell'xx	-	-
PKP131	proprio	-	-
PKP125	capiamo	-	-
PKP125	questa	[SPEAKER_B]	questa
PKP125	storia	[SPEAKER_B]	storia
PKP125	del	[SPEAKER_B]	del
PKP125	presidente	[SPEAKER_B]	presente
PKP125	di	[SPEAKER_B]	c'è
PKP125	regione	[SPEAKER_B]	giornalino
-	-	[SPEAKER_B]	che
PKP125	io	[SPEAKER_B]	io
PKP125	mi	[SPEAKER_B]	non
PKP125	credi	[SPEAKER_B]	ho
PKP125	che	-	-
PKP125	non	-	-
PKP125	l'ho	-	-
PKP125	mai	-	-
PKP125	capito	[SPEAKER_B]	capito
PKP131	io	[SPEAKER_A]	neluca
PKP131	sì	[SPEAKER_A]	neluca
PKP131	de	[SPEAKER_B]	de
PKP131	luca	[SPEAKER_B]	luca
PKP131	no	-	-
PKP131	non	-	-
PKP131	c'è	-	-
PKP131	più	-	-
PKP125	de	-	-
PKP125	luca	-	-
PKP125	non	[SPEAKER_B]	non
PKP125	so	[SPEAKER_B]	so
PKP125	a	[SPEAKER_B]	ti
PKP125	te	[SPEAKER_B]	ti
PKP125	è	[SPEAKER_B]	è
PKP125	piaciuto	[SPEAKER_B]	piaciuto
PKP125	de	[SPEAKER_B]	de
PKP125	luca	[SPEAKER_B]	luca
PKP125	nel	[SPEAKER_B]	cosa
PKP125	suo	[SPEAKER_B]	ci
PKP125	mandato	-	-
PKP125	cose	-	-
PKP125	che	-	-
PKP125	ha	[SPEAKER_B]	ha
PKP125	fatto	[SPEAKER_B]	fatto
PKP125	che	[SPEAKER_B]	che
PKP125	ha	[SPEAKER_B]	ha
PKP125	detto	[SPEAKER_B]	detto
PKP131	mh	-	-
PKP125	a	[SPEAKER_B]	a
PKP125	parte	[SPEAKER_B]	parte
PKP125	il	[SPEAKER_B]	il
PKP125	lanciafiamme	[SPEAKER_B]	lanciafiamme
PKP125	è	[SPEAKER_B]	beh
PKP125	proprio	[SPEAKER_B]	questo
PKP125	stato	[SPEAKER_B]	ti
PKP125	diverte~	[SPEAKER_B]	divertì
PKP125	iconic	[SPEAKER_B]	iconic
PKP125	eh	[SPEAKER_A]	a
PKP131	guarda	[SPEAKER_A]	grazie
PKP131	quello	[SPEAKER_A]	al
PKP131	rimarrà	[SPEAKER_A]	lato
PKP131	proprio	[SPEAKER_B]	ma
PKP131	nella	[SPEAKER_B]	questa
PKP131	storia	-	-
PKP125	x	-	-
PKP131	italiana	-	-
PKP125	eh	-	-
PKP125	ma	-	-
PKP125	quello	-	-
PKP125	secondo	[SPEAKER_B]	secondo
PKP125	me	[SPEAKER_B]	me
PKP125	ha	[SPEAKER_B]	ha
PKP125	detto	[SPEAKER_B]	detto
PKP125	mo	[SPEAKER_B]	lo
PKP125	faccio	[SPEAKER_B]	faccio
PKP125	un	[SPEAKER_B]	un
PKP125	po'	[SPEAKER_B]	po'
PKP125	di	[SPEAKER_B]	di
PKP125	un	[SPEAKER_B]	un
PKP125	po'	[SPEAKER_B]	po'
PKP125	di	[SPEAKER_B]	di
PKP125	propaganda	[SPEAKER_B]	propaganda
PKP131	ah	-	-
PKP125	e	[SPEAKER_B]	e
PKP125	quindi	[SPEAKER_B]	quindi
PKP125	chiara	[SPEAKER_B]	perchè
PKP125	che	-	-
PKP125	ti	[SPEAKER_B]	ti
PKP125	ha	[SPEAKER_B]	ha
PKP125	detto	[SPEAKER_B]	detto
PKP125	no	[SPEAKER_B]	no
PKP125	ma	[SPEAKER_B]	ma
PKP125	chiara	[SPEAKER_B]	se
PKP125	già	-	-
PKP125	le	[SPEAKER_B]	le
PKP125	sta	[SPEAKER_B]	sto
PKP125	facendo	[SPEAKER_B]	facendo
PKP125	le	[SPEAKER_B]	le
PKP125	ripetizioni	[SPEAKER_B]	ripetizioni
PKP125	al	[SPEAKER_B]	al
PKP125	momento	[SPEAKER_B]	momento
PKP125	ah	[SPEAKER_B]	ah
PKP125	no	[SPEAKER_B]	no
PKP131	eh	[SPEAKER_A]	ecco
PKP131	ma	[SPEAKER_A]	l'inforzio
PKP131	che	[SPEAKER_B]	con
PKP131	devo	[SPEAKER_B]	le
PKP131	fa'	[SPEAKER_B]	matematiche
PKP125	quelle	[SPEAKER_B]	e
PKP125	matematica	[SPEAKER_B]	la
PKP125	e	[SPEAKER_B]	sigla
PKP125	latino	[SPEAKER_B]	che
PKP125	martina	-	-
PKP125	chiedono	[SPEAKER_B]	chiedono
PKP125	tanto	[SPEAKER_B]	l'altro
PKP131	ah	[SPEAKER_A]	un
PKP131	boh	[SPEAKER_A]	po
PKP131	matematica	[SPEAKER_A]	ma
PKP131	l'ho	[SPEAKER_A]	della
-	-	[SPEAKER_A]	mania
-	-	[SPEAKER_A]	che
-	-	[SPEAKER_A]	ho
PKP131	fatta	[SPEAKER_A]	fatta
PKP131	non	[SPEAKER_A]	in
PKP131	la	[SPEAKER_A]	la
PKP131	so	[SPEAKER_A]	coppia
PKP131	fare	[SPEAKER_A]	l'
PKP131	latino	[SPEAKER_A]	herebesci
PKP131	non	[SPEAKER_A]	ma
PKP131	l'ho	[SPEAKER_A]	ne
-	-	[SPEAKER_A]	ho
PKP131	fatto	[SPEAKER_A]	fatto
PKP131	proprio	[SPEAKER_A]	bene
PKP131	quindi	[SPEAKER_B]	eh
PKP125	eh	-	-
PKP125	chiara	-	-
PKP125	l'ha	[SPEAKER_B]	l'ha
PKP125	fatto	[SPEAKER_B]	fatto
PKP125	latino	[SPEAKER_B]	la
PKP131	mh	[SPEAKER_B]	china
PKP125	era	[SPEAKER_B]	era
PKP125	pure	[SPEAKER_B]	pure
PKP125	brava	[SPEAKER_B]	brava
PKP125	perché	[SPEAKER_B]	perché
PKP125	quello	[SPEAKER_B]	quella
PKP125	era	[SPEAKER_B]	era
PKP125	xxx	[SPEAKER_B]	soggetta
PKP125	no	[SPEAKER_B]	no
PKP131	eh	[SPEAKER_B]	ma
PKP125	ma	-	-
PKP125	chiara	-	-
PKP125	se	-	-
PKP125	la	-	-
PKP125	passa	-	-
PKP125	con	-	-
PKP125	xx	-	-
PKP125	al	[SPEAKER_B]	al
PKP125	villaggio	[SPEAKER_B]	casalto
PKP125	a	[SPEAKER_B]	va
PKP125	xx	[SPEAKER_B]	una
PKP125	no	[SPEAKER_B]	villaggia
PKP131	xxxx	[SPEAKER_B]	al
PKP131	sì	[SPEAKER_B]	casalto
-	-	[SPEAKER_B]	no
-	-	[SPEAKER_A]	sono
-	-	[SPEAKER_A]	good
PKP125	ma	[SPEAKER_B]	ma
PKP125	chi	[SPEAKER_B]	chi
PKP125	aveva	[SPEAKER_B]	viveva
PKP125	come	[SPEAKER_B]	come
PKP125	professoressa	[SPEAKER_B]	penso
PKP125	mica	[SPEAKER_B]	di
PKP125	aveva	[SPEAKER_B]	stare
PKP125	le	[SPEAKER_B]	non
PKP125	stesse	[SPEAKER_B]	capiva
PKP125	mie	[SPEAKER_B]	la
PKP131	aveva	[SPEAKER_B]	stessa
PKP131	quello	[SPEAKER_B]	mia
PKP131	là	[SPEAKER_A]	è
PKP125	anna	-	-
PKP125	neri	-	-
PKP131	o	-	-
PKP131	rossini	-	-
PKP131	poi	-	-
PKP131	l'ha	-	-
PKP131	cambiato	[SPEAKER_A]	cambiato
PKP131	stai	[SPEAKER_B]	cosa
PKP131	parlando	[SPEAKER_B]	direo
PKP131	del	[SPEAKER_B]	al
PKP131	professore	[SPEAKER_B]	tino
PKP131	di	[SPEAKER_B]	al
PKP131	matematica	[SPEAKER_B]	tina
PKP131	e	[SPEAKER_A]	iscriviti
PKP131	di	[SPEAKER_A]	al
PKP131	latino	[SPEAKER_A]	nostro
PKP125	latino	[SPEAKER_A]	canale
PKP131	xx	-	-
PKP125	boh	[SPEAKER_B]	boh
PKP131	xx	[SPEAKER_A]	nilea
PKP125	non	[SPEAKER_B]	non
PKP125	ci	[SPEAKER_B]	ci
PKP125	interessa	[SPEAKER_B]	interessa
PKP125	del	[SPEAKER_B]	del
PKP125	resto	[SPEAKER_B]	resto
PKP125	c'ho	[SPEAKER_B]	c'è
PKP125	una	[SPEAKER_B]	una
PKP125	formica	[SPEAKER_B]	formiga
PKP125	schiattata	[SPEAKER_B]	scherzata
PKP125	nel	[SPEAKER_B]	nel
PKP125	pane	[SPEAKER_B]	pane
PKP131	ma	[SPEAKER_A]	va
PKP131	tutte	-	-
PKP131	queste	-	-
PKP131	formiche	-	-
PKP131	perché	[SPEAKER_A]	perché
PKP131	sì	[SPEAKER_A]	la
PKP131	xxxx	[SPEAKER_A]	mia
PKP125	ah	[SPEAKER_A]	notte
PKP125	wap	[SPEAKER_A]	c'è
-	-	[SPEAKER_A]	stato
-	-	[SPEAKER_A]	detto
-	-	[SPEAKER_B]	grazie
-	-	[SPEAKER_A]	grazie
-	-	[SPEAKER_B]	vapp
PKP125	challenge	[SPEAKER_B]	challenge
PKP125	mangia	[SPEAKER_B]	ma
PKP125	questo	[SPEAKER_B]	il
PKP125	tutto	[SPEAKER_B]	suo
PKP125	o	[SPEAKER_B]	altro
PKP125	pesce	[SPEAKER_A]	non
PKP131	no	[SPEAKER_A]	è
PKP131	mangialo	[SPEAKER_A]	oggi
PKP131	tu	[SPEAKER_A]	non
PKP125	no	[SPEAKER_A]	trovi
PKP125	mangialo	[SPEAKER_B]	però
PKP125	tu	-	-
PKP131	puoi	-	-
PKP131	ballare	-	-
PKP131	quì	-	-
PKP131	stai	-	-
PKP131	dritto	-	-
PKP125	no	-	-
PKP131	x	-	-
PKP125	no	-	-
PKP125	poi	[SPEAKER_B]	poi
PKP125	nella	[SPEAKER_B]	nella
PKP125	traccia	[SPEAKER_B]	traccia
PKP125	devo	[SPEAKER_B]	devo
PKP125	scrivere	[SPEAKER_B]	sparare
PKP125	tutta	[SPEAKER_B]	tutta
PKP125	vabbè	[SPEAKER_B]	fanno
PKP125	se	[SPEAKER_B]	bene
PKP125	lo	[SPEAKER_B]	non
PKP125	vuoi	[SPEAKER_B]	è
PKP125	fare	[SPEAKER_B]	bruciato
PKP125	fallo	[SPEAKER_B]	un
PKP131	mh	[SPEAKER_B]	è
PKP131	no	[SPEAKER_B]	proprio
PKP125	non	[SPEAKER_B]	qua
PKP125	mi	[SPEAKER_A]	no
PKP125	ca	[SPEAKER_B]	l'amica
PKP125	ops	[SPEAKER_A]	grazie
-	-	[SPEAKER_B]	opposto
PKP131	comunque	[SPEAKER_A]	comunque
PKP131	perché	[SPEAKER_A]	perché
PKP131	sta	[SPEAKER_A]	sa
PKP131	quell'alcool	[SPEAKER_A]	quell'alcol
PKP131	là	[SPEAKER_A]	la
PKP131	dentro	[SPEAKER_A]	dentro
PKP125	quale	[SPEAKER_B]	qual
PKP125	alcool	[SPEAKER_B]	è
PKP131	xxx	[SPEAKER_B]	l'alcool
PKP131	xx	-	-
PKP125	ah	-	-
PKP125	pensavo	-	-
PKP125	la	-	-
PKP125	vodka	-	-
PKP125	nell'armadio	-	-
PKP131	cosa	-	-
PKP125	cosa	-	-
PKP131	como	-	-
PKP131	hai	-	-
PKP131	della	-	-
PKP131	vodka	-	-
PKP131	nell'armadio	-	-
PKP125	sì	-	-
PKP131	vodka	-	-
PKP131	xx	-	-
PKP125	perché	[SPEAKER_A]	perché
-	-	[SPEAKER_B]	stiamo
-	-	[SPEAKER_B]	portando
-	-	[SPEAKER_B]	l'armadio
-	-	[SPEAKER_A]	cosa
-	-	[SPEAKER_B]	ciao
-	-	[SPEAKER_A]	come
-	-	[SPEAKER_A]	e
-	-	[SPEAKER_A]	della
-	-	[SPEAKER_A]	voglia
-	-	[SPEAKER_A]	di還
-	-	[SPEAKER_B]	sì
-	-	[SPEAKER_A]	quanti
PKP125	al	[SPEAKER_B]	al
PKP125	compleanno	[SPEAKER_B]	comprare
PKP125	mi	[SPEAKER_B]	mi
PKP125	hanno	[SPEAKER_B]	hanno
PKP125	regalato	[SPEAKER_B]	regalato
PKP125	queste	[SPEAKER_B]	queste
PKP125	due	[SPEAKER_B]	due
PKP125	bottiglie	[SPEAKER_B]	bottiglie
PKP125	di	[SPEAKER_B]	di
PKP125	vodka	[SPEAKER_B]	vodka
PKP125	che	[SPEAKER_B]	che
PKP125	ancora	[SPEAKER_B]	ancora
PKP125	devo	[SPEAKER_B]	devo
PKP125	bere	[SPEAKER_B]	bere
PKP125	perché	[SPEAKER_B]	perchè
PKP125	non	[SPEAKER_B]	non
PKP125	esco	[SPEAKER_B]	esco
PKP125	fondamentalmente	[SPEAKER_A]	a
PKP131	mh	-	-
PKP131	ma	-	-
PKP131	t'ho	-	-
PKP131	detto	-	-
PKP131	esci	-	-
PKP131	con	-	-
PKP131	noi	[SPEAKER_A]	noi
PKP131	qualche	[SPEAKER_A]	era
PKP131	sera	-	-
PKP131	facciamo	-	-
PKP131	venire	-	-
PKP131	anto	-	-
PKP131	cioè	-	-
PKP131	ti	-	-
PKP131	annoi	-	-
PKP131	è	-	-
PKP131	raro	-	-
PKP131	sicuramente	[SPEAKER_A]	sicuramente
PKP125	come	[SPEAKER_A]	come
PKP125	non	[SPEAKER_A]	non
PKP125	ho	[SPEAKER_A]	ho
PKP125	capito	[SPEAKER_A]	capito
PKP125	scu~	[SPEAKER_A]	scordini
PKP125	n~	[SPEAKER_B]	come
-	-	[SPEAKER_B]	non
-	-	[SPEAKER_B]	ho
-	-	[SPEAKER_B]	capito
PKP125	nulla	[SPEAKER_B]	nulla
PKP125	d~	-	-
PKP125	della	[SPEAKER_B]	della
PKP125	sequenza	[SPEAKER_B]	sequenza
PKP125	fonica	[SPEAKER_B]	fonica
PKP125	che	[SPEAKER_B]	che
PKP125	hai	[SPEAKER_B]	mi
-	-	[SPEAKER_B]	ha
PKP125	appena	[SPEAKER_B]	appena
PKP125	emesso	[SPEAKER_B]	messo
PKP131	okay	-	-
PKP131	ho	[SPEAKER_A]	ho
PKP131	detto	[SPEAKER_A]	detto
PKP131	qualche	[SPEAKER_A]	qualche
PKP131	sera	[SPEAKER_A]	sera
PKP131	esci	[SPEAKER_A]	esci
PKP131	con	[SPEAKER_A]	con
PKP131	noi	[SPEAKER_A]	lui
PKP131	facciamo	-	-
PKP131	venire	-	-
PKP131	antonietta	-	-
PKP125	certo	[SPEAKER_B]	certo
PKP125	certo	[SPEAKER_B]	certo
PKP131	sicuramente	[SPEAKER_A]	sicuramente
PKP131	ti	[SPEAKER_A]	ti
PKP131	annoierai	[SPEAKER_A]	annoierai
PKP131	perché	[SPEAKER_A]	perché
PKP131	figurati	-	-
PKP125	voi	[SPEAKER_B]	voi
PKP125	siete	[SPEAKER_B]	siete
PKP125	bambini	[SPEAKER_B]	bambini
PKP125	io	[SPEAKER_B]	io
PKP125	non	[SPEAKER_B]	non
PKP125	me	[SPEAKER_B]	me
PKP125	la	[SPEAKER_B]	la
PKP125	faccio	[SPEAKER_B]	faccio
PKP125	con	[SPEAKER_B]	con
PKP125	i	[SPEAKER_B]	i
PKP125	bambini	[SPEAKER_B]	bambini
PKP131	allora	[SPEAKER_A]	adoro
PKP131	non	[SPEAKER_A]	a
PKP131	sei	[SPEAKER_A]	non
-	-	[SPEAKER_A]	sai
PKP131	proprio	[SPEAKER_A]	proprio
PKP131	come	[SPEAKER_A]	come
PKP131	xxx	[SPEAKER_A]	è
PKP125	xx	[SPEAKER_A]	lei
PKP125	che	[SPEAKER_B]	che
PKP125	paccia	[SPEAKER_B]	faccia
PKP125	quella	[SPEAKER_B]	qui
PKP131	subito	[SPEAKER_B]	povera
PKP125	proprio	[SPEAKER_B]	pazzita
PKP125	impazzita	[SPEAKER_A]	è
PKP131	tiene	-	-
PKP131	problemi	-	-
PKP131	problemi	-	-
PKP125	bellina	-	-
PKP125	antonietta	-	-
PKP125	antonietta	-	-
PKP125	pure	-	-
PKP131	un	[SPEAKER_A]	un
PKP131	sacco	[SPEAKER_A]	problema
-	-	[SPEAKER_B]	bellino
PKP125	sta	[SPEAKER_B]	sta
PKP125	facendo	[SPEAKER_B]	facendo
PKP125	gli	[SPEAKER_B]	gli
PKP125	inciuci	[SPEAKER_B]	inciplici
PKP125	eh	[SPEAKER_B]	amor
PKP125	mo	[SPEAKER_A]	il
PKP125	però	[SPEAKER_A]	senza
PKP131	in	-	-
PKP131	che	-	-
PKP131	senso	-	-
PKP125	eh	-	-
PKP125	si	[SPEAKER_A]	si
PKP125	sta	[SPEAKER_A]	sta
PKP125	vedendo	[SPEAKER_A]	parlando
PKP125	con	[SPEAKER_A]	con
PKP125	un	[SPEAKER_A]	un
PKP125	uomo	[SPEAKER_A]	uomo
PKP131	ah	[SPEAKER_A]	ah
PKP131	sì	[SPEAKER_A]	sì
PKP131	ma	[SPEAKER_A]	mi
PKP131	ora	[SPEAKER_A]	online
PKP131	è	[SPEAKER_A]	ci
PKP131	successo	[SPEAKER_A]	sono
PKP131	pure	[SPEAKER_A]	ma
PKP131	un	[SPEAKER_A]	non
PKP131	mezzo	[SPEAKER_A]	lo
PKP131	casino	[SPEAKER_A]	ho
-	-	[SPEAKER_A]	capito
PKP131	con	[SPEAKER_A]	con
PKP131	l'ex	-	-
PKP125	non	-	-
PKP125	è	-	-
PKP125	un	[SPEAKER_A]	un
-	-	[SPEAKER_A]	l'exo
-	-	[SPEAKER_B]	ne
-	-	[SPEAKER_B]	si
-	-	[SPEAKER_B]	sta
-	-	[SPEAKER_B]	andando
-	-	[SPEAKER_B]	con
-	-	[SPEAKER_B]	un
-	-	[SPEAKER_B]	uomo
-	-	[SPEAKER_B]	non
-	-	[SPEAKER_B]	è
PKP125	mezzo	[SPEAKER_B]	mezzo
PKP125	casino	[SPEAKER_B]	casino
PKP125	semplicemente	[SPEAKER_B]	semplicemente
PKP125	l'ex	[SPEAKER_B]	l'ex
PKP125	eh	-	-
PKP125	fa	[SPEAKER_B]	fa
PKP125	le	-	-
PKP125	lezioni	[SPEAKER_B]	lezioni
PKP125	da	[SPEAKER_B]	da
PKP125	lei	[SPEAKER_B]	lei
PKP125	e	[SPEAKER_B]	e
PKP125	lei	[SPEAKER_B]	lei
PKP125	è	[SPEAKER_B]	è
PKP125	tipo	-	-
PKP125	ancora	[SPEAKER_B]	ancora
PKP125	innamorata	[SPEAKER_B]	innamorata
PKP131	e	-	-
PKP131	prima	[SPEAKER_A]	prima
PKP131	la	[SPEAKER_A]	la
PKP131	contatta	[SPEAKER_A]	contatta
PKP131	poi	[SPEAKER_A]	poi
PKP131	si	[SPEAKER_A]	ti
PKP131	è	[SPEAKER_A]	hai
PKP131	trovato	[SPEAKER_A]	trovato
PKP131	un'altra	[SPEAKER_A]	un
PKP131	ha	[SPEAKER_A]	altro
PKP131	detto	-	-
PKP131	ti	[SPEAKER_A]	ti
PKP131	faccio	[SPEAKER_A]	faccio
PKP131	terrabruciata	[SPEAKER_A]	terra
PKP131	se	[SPEAKER_A]	bruciata
PKP131	continui	[SPEAKER_A]	questa
PKP131	a	[SPEAKER_A]	volta
PKP131	v~	-	-
PKP131	questo	-	-
PKP131	fatto	-	-
PKP131	non	[SPEAKER_A]	non
PKP131	lo	[SPEAKER_A]	lo
PKP131	sai	[SPEAKER_A]	sai
PKP125	no	[SPEAKER_A]	no
PKP125	aspetta	[SPEAKER_A]	aspetta
PKP125	questa	[SPEAKER_A]	questa
PKP125	è	[SPEAKER_A]	è
PKP125	nuova	[SPEAKER_A]	nuova
PKP131	non	[SPEAKER_A]	non
PKP131	te	-	-
PKP131	l'ha	-	-
PKP131	detto	-	-
PKP131	eh	-	-
PKP131	non	-	-
PKP131	so	[SPEAKER_A]	so
PKP131	bene	[SPEAKER_A]	bene
PKP131	perché	[SPEAKER_A]	perchè
PKP131	a	-	-
PKP131	me	[SPEAKER_A]	me
PKP131	l'ha	[SPEAKER_A]	l'hai
PKP131	raccontato	[SPEAKER_A]	raccontata
PKP131	un	[SPEAKER_A]	un
PKP131	po'	[SPEAKER_A]	po'
PKP131	marina	[SPEAKER_A]	inはいem
PKP131	così	-	-
PKP125	ma	[SPEAKER_A]	ma
PKP125	ieri	[SPEAKER_A]	ieri
PKP131	no	[SPEAKER_A]	no
PKP131	metà	[SPEAKER_B]	no
PKP131	agosto	[SPEAKER_B]	aspetta
PKP131	più	[SPEAKER_B]	questa
PKP131	meno	[SPEAKER_B]	è
-	-	[SPEAKER_B]	nuova
-	-	[SPEAKER_B]	ma
-	-	[SPEAKER_B]	ieri
PKP125	no	[SPEAKER_B]	no
PKP125	ma	[SPEAKER_B]	ma
PKP125	tu	[SPEAKER_B]	tu
PKP125	stai	[SPEAKER_B]	stai
PKP125	parlando	[SPEAKER_B]	parlando
PKP125	dell'ex	[SPEAKER_B]	dell'ex
PKP125	di	[SPEAKER_B]	di
PKP125	lorenzo	[SPEAKER_B]	giovanni
PKP131	xxx	-	-
PKP131	lorenzo	-	-
PKP125	ah	[SPEAKER_B]	ah
PKP125	no	[SPEAKER_B]	no
PKP125	questa	[SPEAKER_B]	questa
PKP125	è	[SPEAKER_B]	è
PKP125	un'altra	[SPEAKER_B]	un'altra
PKP125	storia	[SPEAKER_B]	storia
PKP125	ah	[SPEAKER_B]	ah
PKP125	no	[SPEAKER_B]	no
PKP125	queste	[SPEAKER_B]	queste
PKP125	storie	[SPEAKER_B]	storie
PKP125	qua	[SPEAKER_B]	qua
PKP125	non	[SPEAKER_B]	non
PKP125	le	[SPEAKER_B]	le
PKP125	so	[SPEAKER_B]	so
PKP125	neanch'io	[SPEAKER_B]	neanche
PKP125	non	[SPEAKER_B]	io
PKP125	le	[SPEAKER_A]	giovanni
-	-	[SPEAKER_B]	non
-	-	[SPEAKER_B]	ne
PKP125	so	[SPEAKER_B]	so
PKP125	neanch'io	[SPEAKER_B]	neanche
PKP131	vabbuò	[SPEAKER_B]	io
PKP131	i	[SPEAKER_B]	io
PKP125	i	-	-
PKP125	retroscena	-	-
PKP125	proprio	[SPEAKER_B]	proprio
PKP131	in	[SPEAKER_A]	con
PKP131	poche	[SPEAKER_A]	poche
PKP131	parole	[SPEAKER_A]	parole
PKP131	praticamente	[SPEAKER_A]	praticamente
-	-	[SPEAKER_A]	a
PKP131	questo	[SPEAKER_A]	questo
PKP131	ave~	-	-
PKP131	av~	-	-
PKP131	faceva	[SPEAKER_A]	faceva
PKP131	il	[SPEAKER_A]	il
PKP131	prendi	[SPEAKER_A]	prendi
PKP131	e	[SPEAKER_A]	e
PKP131	lascia	[SPEAKER_A]	lascia
PKP125	ah	[SPEAKER_B]	ah
PKP125	eh	[SPEAKER_B]	si
PKP125	sì	-	-
PKP125	questo	[SPEAKER_B]	questo
PKP125	si	[SPEAKER_B]	si
PKP125	sapeva	[SPEAKER_B]	sape
PKP125	questo	[SPEAKER_B]	questo
PKP125	già	[SPEAKER_B]	è
PKP125	da	[SPEAKER_B]	gialan
PKP125	anni	-	-
PKP131	e	-	-
PKP131	poi	[SPEAKER_A]	poi
PKP131	tipo	[SPEAKER_A]	tipo
PKP131	due	[SPEAKER_A]	due
PKP131	giorni	[SPEAKER_A]	giorni
PKP131	prima	[SPEAKER_A]	prima
PKP131	disse	[SPEAKER_A]	di
PKP131	riproviamoci	[SPEAKER_A]	riprovare
PKP131	dormiamo	[SPEAKER_A]	molto
PKP131	insie	[SPEAKER_A]	poi
PKP131	me	[SPEAKER_A]	ci
PKP125	eh	[SPEAKER_A]	ritorniamo
PKP125	e	[SPEAKER_A]	insieme
PKP125	poi	[SPEAKER_A]	poi
PKP125	si	[SPEAKER_A]	si
PKP125	è	[SPEAKER_A]	è
PKP125	messo	[SPEAKER_A]	messo
PKP125	con	[SPEAKER_A]	con
PKP125	un'altra	[SPEAKER_A]	un'altra
PKP131	si	[SPEAKER_A]	si
PKP131	è	[SPEAKER_A]	è
PKP131	messo	[SPEAKER_A]	messo
PKP131	con	[SPEAKER_A]	con
PKP131	un'altra	[SPEAKER_A]	un'altra
PKP131	antonietta	-	-
PKP131	sai	-	-
PKP131	ma	-	-
PKP131	è	[SPEAKER_A]	è
PKP131	una	[SPEAKER_A]	una
PKP131	cosa	[SPEAKER_A]	cosa
PKP131	umanissima	[SPEAKER_A]	umanissima
PKP131	che	[SPEAKER_A]	che
PKP131	tu	[SPEAKER_A]	vuoi
PKP131	attivavi	[SPEAKER_A]	attivare
PKP131	dal	[SPEAKER_A]	il
PKP131	profilo	[SPEAKER_A]	profilo
PKP131	gli	[SPEAKER_A]	quindi
PKP131	vedevi	[SPEAKER_A]	vedi
PKP131	la	[SPEAKER_A]	la
PKP131	storia	[SPEAKER_A]	storia
PKP131	vista	-	-
PKP131	così	-	-
PKP131	senza	[SPEAKER_A]	senza
PKP131	darle	[SPEAKER_A]	fare
-	-	[SPEAKER_A]	te
PKP131	fastidio	[SPEAKER_A]	fastidio
PKP125	eh	[SPEAKER_A]	stiamo
PKP125	beh	-	-
PKP131	stava	-	-
PKP131	solo	-	-
PKP131	vedendo	[SPEAKER_A]	vedendo
PKP131	un	[SPEAKER_A]	un
PKP131	po'	[SPEAKER_A]	po'
PKP125	eh	[SPEAKER_B]	è
-	-	[SPEAKER_B]	quasi
-	-	[SPEAKER_B]	messo
-	-	[SPEAKER_B]	con
-	-	[SPEAKER_B]	un'altra
-	-	[SPEAKER_B]	è
-	-	[SPEAKER_A]	e
-	-	[SPEAKER_A]	se
PKP131	comunque	[SPEAKER_A]	comunque
-	-	[SPEAKER_A]	mi
PKP131	ha	[SPEAKER_A]	ha
PKP131	detto	[SPEAKER_A]	detto
PKP131	no	[SPEAKER_A]	che
PKP131	lo	[SPEAKER_A]	non
PKP131	devi	[SPEAKER_A]	è
-	-	[SPEAKER_A]	difficile
PKP131	lasciare	[SPEAKER_A]	lasciare
PKP131	stare	[SPEAKER_A]	stare
PKP131	così	[SPEAKER_A]	così
PKP131	io	[SPEAKER_A]	io
PKP131	gli	[SPEAKER_A]	ti
PKP131	lascio	[SPEAKER_A]	faccio
PKP131	terrabruciata	[SPEAKER_A]	terra
PKP131	mh	[SPEAKER_A]	bruciata
PKP131	tu	-	-
PKP131	mi	[SPEAKER_A]	mi
PKP131	stai	[SPEAKER_A]	stai
PKP131	ossessionando	[SPEAKER_A]	ossessionando
PKP131	eh	-	-
PKP131	prendo	[SPEAKER_A]	prendo
PKP131	i	[SPEAKER_A]	i
PKP131	provvedimenti	[SPEAKER_A]	provvedimenti
PKP131	te	[SPEAKER_A]	e
PKP131	stai	[SPEAKER_A]	quindi
PKP131	fermo	[SPEAKER_A]	mi
PKP131	niente	-	-
PKP131	allora	-	-
PKP131	ha	[SPEAKER_A]	ha
PKP131	detto	[SPEAKER_A]	detto
PKP131	come	[SPEAKER_A]	come
PKP131	cioè	[SPEAKER_A]	e
PKP131	fino	[SPEAKER_A]	quindi
PKP131	a	-	-
PKP131	ieri	[SPEAKER_A]	ieri
PKP131	non	-	-
PKP131	stavi	[SPEAKER_A]	stavi
PKP131	scopando	[SPEAKER_A]	scopando
PKP131	eh	[SPEAKER_A]	per
PKP131	vuoi	[SPEAKER_A]	me
PKP131	xxxx	-	-
PKP131	meno	-	-
PKP125	madonna	[SPEAKER_B]	madonna
-	-	[SPEAKER_B]	e'
PKP125	impazzito	[SPEAKER_B]	impazzito
PKP125	ma	[SPEAKER_B]	ma
PKP125	io	[SPEAKER_B]	io
PKP125	l'ho	[SPEAKER_B]	l'ho
PKP125	sempre	[SPEAKER_B]	sempre
PKP125	odiato	[SPEAKER_B]	odiato
PKP125	a	[SPEAKER_B]	a
PKP125	quella	[SPEAKER_B]	quello
-	-	[SPEAKER_B]	del
PKP125	personaggio	[SPEAKER_B]	personaggio
PKP125	perché	[SPEAKER_B]	perché
PKP125	è	[SPEAKER_B]	è
PKP125	sempre	[SPEAKER_B]	sempre
PKP125	stato	[SPEAKER_B]	stato
PKP125	abbastanza	[SPEAKER_B]	abbastanza
PKP125	disturbato	[SPEAKER_B]	disturbato
PKP125	senza	[SPEAKER_B]	senza
PKP125	contare	[SPEAKER_B]	contare
PKP125	che	[SPEAKER_B]	che
PKP125	era	[SPEAKER_B]	era
PKP125	abbastanza	[SPEAKER_B]	abbastanza
PKP125	antipatico	[SPEAKER_B]	antipatico
PKP125	mamma	[SPEAKER_B]	mamma
PKP125	mia	[SPEAKER_B]	mia
PKP131	povera	[SPEAKER_B]	sì
PKP131	antonietta	[SPEAKER_B]	poverino
PKP125	poverina	-	-
PKP125	antonietta	-	-
PKP125	però	[SPEAKER_B]	però
PKP131	che	[SPEAKER_A]	poverino
PKP131	carina	-	-
PKP125	vabbè	-	-
PKP125	ma	[SPEAKER_B]	ma
PKP125	quella	[SPEAKER_B]	quella
PKP125	sta	[SPEAKER_B]	è
PKP125	appresso	[SPEAKER_B]	stata
PKP125	a	[SPEAKER_B]	persa
PKP125	questo	[SPEAKER_B]	acquisto
PKP125	da	[SPEAKER_B]	da
PKP125	è	[SPEAKER_B]	e
PKP125	ora	[SPEAKER_B]	ora
PKP125	che	[SPEAKER_B]	che
PKP125	se	[SPEAKER_B]	si
PKP125	ne	[SPEAKER_B]	ne
PKP125	trova	[SPEAKER_B]	trova
PKP125	un	[SPEAKER_B]	un
PKP125	altro	[SPEAKER_B]	altro
PKP131	anche	[SPEAKER_A]	la
PKP131	antonietta	[SPEAKER_A]	cantonella
PKP131	sul	[SPEAKER_A]	sul
PKP131	ha	[SPEAKER_A]	lato
PKP131	to~	[SPEAKER_A]	amoroso
PKP131	si	-	-
PKP131	schiarisce	-	-
PKP131	la	-	-
PKP131	voce	-	-
PKP131	a	-	-
PKP131	moroso	-	-
PKP131	è	[SPEAKER_A]	è
PKP131	un	[SPEAKER_A]	un
PKP131	po'	[SPEAKER_A]	po'
PKP131	bambina	[SPEAKER_B]	colpa
PKP131	cioè	[SPEAKER_B]	il
PKP131	è	[SPEAKER_B]	fantiere
PKP131	un	-	-
PKP131	po'	-	-
PKP131	infa~	-	-
PKP131	è	-	-
PKP131	un	-	-
PKP131	po'	-	-
PKP131	una	-	-
PKP131	x	-	-
PKP125	un	-	-
PKP125	po'	-	-
PKP125	infantile	-	-
PKP125	perché	[SPEAKER_B]	perché
PKP125	ha	[SPEAKER_B]	ha
PKP125	avuto	[SPEAKER_B]	avuto
PKP125	poche	[SPEAKER_B]	poche
PKP125	esperienze	[SPEAKER_B]	esperienze
PKP125	fondamentalmente	[SPEAKER_B]	fondamentalmente
PKP131	beh	[SPEAKER_B]	beh
PKP131	beh	-	-
PKP131	anch'io	-	-
PKP131	ho	[SPEAKER_B]	ho
PKP131	avuto	[SPEAKER_B]	avuto
PKP131	poche	[SPEAKER_B]	poche
PKP131	esperienze	[SPEAKER_B]	esperienze
PKP131	xxx	-	-
PKP125	però	[SPEAKER_B]	però
PKP125	devo	[SPEAKER_B]	devo
PKP125	dire	[SPEAKER_B]	dire
PKP125	la	[SPEAKER_B]	la
PKP125	verità	[SPEAKER_B]	verità
PKP125	non	[SPEAKER_B]	non
PKP125	è	[SPEAKER_B]	è
PKP125	cioè	[SPEAKER_B]	cioè
PKP125	nel	[SPEAKER_B]	nel
PKP125	senso	[SPEAKER_B]	senso
PKP125	non	[SPEAKER_B]	non
PKP125	è	[SPEAKER_B]	è
PKP125	la	[SPEAKER_B]	la
PKP125	tipa	[SPEAKER_B]	tipa
PKP125	che	[SPEAKER_B]	che
PKP125	mo	[SPEAKER_B]	ho
PKP125	capito	[SPEAKER_B]	capito
PKP125	se	[SPEAKER_B]	c'è
PKP125	c'ha	-	-
PKP125	questo	[SPEAKER_B]	questo
PKP125	tipo	[SPEAKER_B]	tipo
PKP125	in	[SPEAKER_B]	in
PKP125	me~	-	-
PKP125	mente	[SPEAKER_B]	mente
PKP125	con	[SPEAKER_B]	con
PKP125	cui	[SPEAKER_B]	cui
PKP125	ci	[SPEAKER_B]	ci
PKP125	sta	[SPEAKER_B]	sta
PKP125	provando	[SPEAKER_B]	provando
-	-	[SPEAKER_B]	lo
PKP125	sta	[SPEAKER_B]	sta
PKP125	facendo	[SPEAKER_B]	facendo
PKP125	e	[SPEAKER_B]	e
PKP125	ci	[SPEAKER_B]	ci
PKP125	deve	[SPEAKER_B]	è
PKP125	uscire	[SPEAKER_B]	uscito
PKP125	non	[SPEAKER_B]	non
PKP125	è	[SPEAKER_B]	è
PKP125	che	[SPEAKER_B]	che
PKP125	ha	[SPEAKER_B]	è
PKP125	detto	[SPEAKER_B]	dettato
PKP125	ah	-	-
PKP125	il	[SPEAKER_B]	il
PKP125	mio	[SPEAKER_B]	mio
PKP125	ex	[SPEAKER_B]	ex
PKP125	capito	-	-
PKP125	cioè	[SPEAKER_B]	cioè
PKP125	a	[SPEAKER_B]	mi
PKP125	me	-	-
PKP125	piace	[SPEAKER_B]	piace
PKP125	antonietta	[SPEAKER_B]	tanto
PKP125	perché	[SPEAKER_B]	che
PKP125	non	[SPEAKER_B]	non
PKP125	è	[SPEAKER_B]	è
PKP125	la	[SPEAKER_B]	la
PKP125	tipa	[SPEAKER_B]	tipa
PKP125	che	[SPEAKER_B]	che
PKP125	si	[SPEAKER_B]	si
PKP125	perde	[SPEAKER_B]	perde
PKP125	molto	[SPEAKER_B]	molto
PKP125	in	[SPEAKER_B]	il
PKP125	ragioname~	[SPEAKER_B]	ragionamento
PKP125	cioè	[SPEAKER_B]	cioè
PKP125	si	[SPEAKER_B]	si
PKP125	perde	[SPEAKER_B]	perde
PKP125	però	[SPEAKER_B]	però
PKP125	le	[SPEAKER_B]	le
PKP125	fa	[SPEAKER_B]	fa
PKP125	le	[SPEAKER_B]	le
PKP125	cose	[SPEAKER_B]	cose
PKP125	capito	[SPEAKER_B]	capito
PKP131	vabbuò	[SPEAKER_A]	io
PKP131	sì	[SPEAKER_A]	ho
-	-	[SPEAKER_A]	avuto
-	-	[SPEAKER_A]	più
-	-	[SPEAKER_A]	esperienze
-	-	[SPEAKER_A]	ah
-	-	[SPEAKER_A]	buon
-	-	[SPEAKER_A]	si
PKP131	mi	[SPEAKER_A]	mi
PKP131	trovo	[SPEAKER_A]	trovo
PKP131	molto	[SPEAKER_A]	molto
PKP131	bene	[SPEAKER_A]	bella
PKP131	xxx	[SPEAKER_A]	è
PKP131	xxx	[SPEAKER_A]	molto
PKP125	e	[SPEAKER_A]	molto
PKP125	cambia	[SPEAKER_A]	carino
PKP131	cioè	-	-
PKP131	ogni	[SPEAKER_A]	ogni
PKP131	volta	[SPEAKER_A]	volta
PKP131	che	[SPEAKER_A]	che
PKP131	parla	[SPEAKER_A]	parlo
PKP131	antonietta	-	-
PKP131	la	[SPEAKER_A]	la
PKP131	vorresti	[SPEAKER_A]	vorresti
PKP131	abbracciare	[SPEAKER_A]	abbracciare
-	-	[SPEAKER_A]	non
-	-	[SPEAKER_A]	lo
-	-	[SPEAKER_A]	ah
PKP131	vieni	[SPEAKER_A]	vieni
PKP131	qua	[SPEAKER_A]	qua
PKP125	mh	[SPEAKER_A]	sei
PKP131	è	[SPEAKER_A]	carino
-	-	[SPEAKER_B]	ok
-	-	[SPEAKER_B]	vieni
-	-	[SPEAKER_B]	qua
-	-	[SPEAKER_B]	que'
PKP131	carina	[SPEAKER_B]	carina
PKP125	questo	-	-
PKP125	sì	-	-
PKP125	non	[SPEAKER_B]	non
PKP125	ha	[SPEAKER_B]	ha
PKP125	questa	[SPEAKER_B]	questa
PKP125	personalità	[SPEAKER_B]	personalità
PKP125	diciamo	[SPEAKER_B]	diciamo
PKP125	uh	[SPEAKER_B]	esuberante
PKP125	esauberante	-	-
PKP125	sai	-	-
PKP125	che	-	-
PKP125	però	[SPEAKER_B]	però
PKP125	si	[SPEAKER_B]	si
PKP125	fa	[SPEAKER_B]	fa
PKP125	volere	[SPEAKER_B]	volere
PKP125	bene	[SPEAKER_B]	bene
PKP125	per	[SPEAKER_B]	per
PKP125	la	[SPEAKER_B]	la
PKP125	sua	[SPEAKER_B]	sua
PKP131	sì	[SPEAKER_B]	sì
PKP131	per	[SPEAKER_B]	per
PKP131	la	[SPEAKER_B]	la
PKP131	sua	[SPEAKER_B]	sua
PKP131	dolcezza	[SPEAKER_B]	dolcissima
PKP125	cioè	[SPEAKER_B]	cioè
PKP125	è	[SPEAKER_B]	è
PKP125	una	[SPEAKER_B]	una
PKP125	persona	[SPEAKER_B]	persona
PKP125	che	[SPEAKER_B]	che
PKP125	veramente	[SPEAKER_B]	veramente
PKP125	non	[SPEAKER_B]	non
PKP125	ho	[SPEAKER_B]	ho
PKP125	mai	[SPEAKER_B]	mai
PKP125	sentito	[SPEAKER_B]	sentito
PKP125	negativa	[SPEAKER_B]	negativa
PKP125	mai	[SPEAKER_B]	mai
PKP125	che	[SPEAKER_B]	che
PKP125	ti	[SPEAKER_B]	ti
PKP125	mette	[SPEAKER_B]	mette
PKP125	proprio	[SPEAKER_B]	proprio
PKP125	ansia	[SPEAKER_B]	anzi
PKP125	addosso	[SPEAKER_B]	addosso
-	-	[SPEAKER_A]	sì
-	-	[SPEAKER_A]	però
-	-	[SPEAKER_A]	tutto
-	-	[SPEAKER_A]	dolci
PKP125	mai	[SPEAKER_A]	mai
PKP125	mai	[SPEAKER_A]	mai
PKP125	mai	[SPEAKER_A]	mai
PKP125	mai	[SPEAKER_A]	mai
PKP125	mai	[SPEAKER_A]	io
PKP125	mai	[SPEAKER_A]	ancora
PKP125	mai	[SPEAKER_A]	conosco
PKP131	mai	[SPEAKER_A]	da
PKP131	mai	[SPEAKER_A]	poco
-	-	[SPEAKER_A]	no
-	-	[SPEAKER_A]	mais
-	-	[SPEAKER_A]	così
PKP125	cioè	[SPEAKER_B]	cioè
PKP125	mi	[SPEAKER_B]	mi
PKP125	credi	[SPEAKER_B]	credi
PKP131	cioè	-	-
PKP131	io	-	-
PKP131	manco	-	-
PKP131	la	-	-
PKP131	conosco	-	-
PKP125	proprio	[SPEAKER_B]	proprio
PKP131	ma	-	-
PKP131	poco	-	-
PKP131	eh	-	-
PKP125	no	-	-
PKP125	ma	-	-
PKP125	è	-	-
PKP125	così	-	-
PKP131	xx	-	-
PKP125	io	[SPEAKER_B]	io
PKP125	xx	[SPEAKER_B]	comunque
-	-	[SPEAKER_B]	lo
-	-	[SPEAKER_B]	conosco
-	-	[SPEAKER_B]	da
-	-	[SPEAKER_B]	poco
-	-	[SPEAKER_B]	eh
-	-	[SPEAKER_B]	no
-	-	[SPEAKER_B]	ma
-	-	[SPEAKER_B]	è
-	-	[SPEAKER_B]	così
-	-	[SPEAKER_B]	io
PKP125	tutto	[SPEAKER_B]	tutto
PKP125	il	[SPEAKER_B]	il
PKP125	liceo	[SPEAKER_B]	liceo
PKP125	cose	[SPEAKER_B]	come
PKP125	veramente	[SPEAKER_B]	veramente
PKP125	non	[SPEAKER_B]	non
PKP125	mai	[SPEAKER_B]	c'è
PKP125	visto	-	-
PKP125	una	[SPEAKER_B]	una
PKP125	persona	[SPEAKER_B]	persona
PKP125	così	[SPEAKER_B]	così
PKP125	equilibrata	[SPEAKER_B]	equilibrata
PKP131	poi	-	-
PKP131	ho	[SPEAKER_A]	ho
PKP131	conosciuto	[SPEAKER_A]	conosciuto
PKP131	anche	[SPEAKER_A]	anche
PKP131	la	[SPEAKER_A]	la
PKP131	mamma	[SPEAKER_A]	mamma
PKP131	e	[SPEAKER_A]	e
PKP131	il	[SPEAKER_A]	il
PKP131	padre	[SPEAKER_A]	padre
PKP125	con	[SPEAKER_B]	mamma
PKP125	equilibrio	[SPEAKER_B]	e
PKP125	eh	[SPEAKER_B]	padre
PKP125	la	[SPEAKER_B]	la
PKP125	mamma	[SPEAKER_B]	mamma
PKP125	per	[SPEAKER_B]	per
PKP125	esempio	[SPEAKER_B]	esempio
PKP125	è	[SPEAKER_B]	è
PKP125	schizzata	[SPEAKER_B]	schizzata
PKP125	non	[SPEAKER_B]	non
PKP125	è	[SPEAKER_B]	è
PKP125	così	[SPEAKER_B]	così
PKP125	ma	[SPEAKER_B]	ma
PKP125	pure	-	-
PKP125	il	-	-
PKP125	pa~	-	-
PKP125	no	-	-
PKP125	il	[SPEAKER_B]	il
PKP125	padre	[SPEAKER_B]	padre
PKP125	è	[SPEAKER_B]	è
PKP125	tranquillo	[SPEAKER_B]	tranquillo
PKP125	per	[SPEAKER_B]	per
PKP125	esempio	[SPEAKER_B]	esempio
PKP131	a	[SPEAKER_A]	a
PKP131	me	[SPEAKER_A]	me
PKP131	pare	[SPEAKER_A]	i
PKP131	esattamente	[SPEAKER_A]	padri
-	-	[SPEAKER_A]	sono
-	-	[SPEAKER_A]	veramente
PKP131	diversi	[SPEAKER_A]	diversi
PKP131	dai	[SPEAKER_A]	dal
PKP131	loro	[SPEAKER_A]	loro
PKP131	il	[SPEAKER_A]	il
PKP131	padre	[SPEAKER_A]	padre
PKP131	è	[SPEAKER_A]	è
PKP131	così	[SPEAKER_A]	così
PKP131	mucro	[SPEAKER_A]	mucro
PKP131	zitto	[SPEAKER_A]	zitto
PKP131	che	[SPEAKER_A]	fermato
PKP131	xx	[SPEAKER_A]	in
PKP125	eh	[SPEAKER_A]	giorno
PKP131	amo	[SPEAKER_A]	vennerò
PKP131	un	[SPEAKER_A]	a
PKP131	giorn~	[SPEAKER_A]	mare
PKP125	non	[SPEAKER_A]	mi
PKP125	è	[SPEAKER_A]	hanno
PKP125	parlone	[SPEAKER_A]	fatto
-	-	[SPEAKER_A]	il
-	-	[SPEAKER_A]	padre
PKP131	un	[SPEAKER_B]	un
PKP131	giorno	[SPEAKER_B]	giorno
PKP131	me	[SPEAKER_B]	vennero
PKP131	n'ero	-	-
PKP131	a	[SPEAKER_B]	a
PKP131	mare	[SPEAKER_B]	mare
PKP131	antonietta	[SPEAKER_B]	a
PKP131	la	[SPEAKER_B]	mio
PKP131	mamma	-	-
PKP131	e	-	-
PKP131	il	-	-
PKP131	padre	[SPEAKER_B]	padre
PKP125	la	[SPEAKER_B]	mi
PKP125	mamma	-	-
PKP125	di	-	-
PKP125	antonietta	-	-
PKP125	è	-	-
PKP125	proprio	-	-
PKP125	una	-	-
PKP131	eh	-	-
PKP125	ti	-	-
PKP125	ricordo	[SPEAKER_B]	ricordo
PKP125	anche	[SPEAKER_B]	anche
PKP125	le	[SPEAKER_B]	le
PKP125	sue	[SPEAKER_B]	sue
PKP125	opinioni	[SPEAKER_B]	opinioni
PKP125	molto	[SPEAKER_B]	molto
PKP125	controverse	[SPEAKER_B]	controverse
-	-	[SPEAKER_A]	grazie
PKP131	comunque	[SPEAKER_A]	comunque
PKP131	si	[SPEAKER_A]	si
PKP131	picchiarono	[SPEAKER_A]	picchiarono
PKP131	sul	[SPEAKER_A]	sul
PKP131	lido	[SPEAKER_A]	lido
PKP125	ma	-	-
PKP125	chi	-	-
PKP131	eh	-	-
PKP131	picchiarono	[SPEAKER_A]	picchiarono
PKP131	il	[SPEAKER_A]	il
PKP131	bagnino	[SPEAKER_A]	bagnino
PKP131	così	[SPEAKER_A]	così
PKP131	xx	-	-
PKP125	cosa	[SPEAKER_A]	cosa
PKP125	what	[SPEAKER_A]	guà
PKP131	se	[SPEAKER_B]	lucky
PKP125	cioè	[SPEAKER_B]	c'è
PKP125	chi	[SPEAKER_B]	chi
PKP125	picchiava	[SPEAKER_B]	vi
PKP125	il	[SPEAKER_B]	chiama
PKP125	bam~	[SPEAKER_B]	il
PKP125	il	[SPEAKER_B]	bambino
PKP125	bam~	[SPEAKER_B]	il
PKP125	il	[SPEAKER_B]	bambino
PKP125	bagnino	-	-
PKP131	bagnino	-	-
PKP131	dei	-	-
PKP131	dei	[SPEAKER_A]	dei
PKP131	clienti	[SPEAKER_A]	clienti
PKP125	ah	[SPEAKER_A]	ah
PKP125	pensavo	[SPEAKER_A]	pensavo
PKP125	loro	[SPEAKER_A]	loro
PKP131	no	[SPEAKER_B]	ah
-	-	[SPEAKER_B]	pensavo
-	-	[SPEAKER_B]	loro
PKP125	pensavo	[SPEAKER_B]	pensavo
PKP125	ai	[SPEAKER_B]	ai
PKP125	genitori	[SPEAKER_B]	genitori
PKP125	di	-	-
PKP125	e	[SPEAKER_B]	e
PKP125	infatti	[SPEAKER_B]	infatti
PKP125	ho	[SPEAKER_B]	mi
-	-	[SPEAKER_B]	ha
PKP125	detto	[SPEAKER_B]	detto
PKP125	madonna	[SPEAKER_B]	ma
-	-	[SPEAKER_B]	non
-	-	[SPEAKER_B]	come
PKP125	queste	[SPEAKER_B]	queste
PKP125	cose	[SPEAKER_B]	cose
PKP125	no	[SPEAKER_B]	no
PKP131	e	[SPEAKER_A]	e
PKP131	la	[SPEAKER_A]	la
PKP131	mamma	[SPEAKER_A]	mamma
PKP131	di	[SPEAKER_A]	è
PKP131	antonietta	[SPEAKER_A]	andando
PKP131	andò	-	-
PKP131	là	[SPEAKER_A]	là
PKP131	in	[SPEAKER_A]	in
PKP131	mezzo	[SPEAKER_A]	mezzo
PKP131	o'	-	-
PKP131	centro	-	-
PKP125	meh	-	-
PKP125	no	-	-
PKP125	no	-	-
PKP125	eh	-	-
PKP131	vicino	[SPEAKER_A]	vicino
PKP131	alla	[SPEAKER_A]	alla
PKP131	signora	[SPEAKER_A]	signora
PKP131	che	[SPEAKER_A]	che
PKP131	scaturì	[SPEAKER_A]	scatori
PKP131	la	[SPEAKER_A]	la
PKP131	lite	[SPEAKER_A]	litra
PKP125	è	[SPEAKER_A]	signora
PKP125	una	[SPEAKER_A]	è
-	-	[SPEAKER_A]	andato
-	-	[SPEAKER_B]	no
-	-	[SPEAKER_B]	no
-	-	[SPEAKER_B]	na
-	-	[SPEAKER_B]	me
-	-	[SPEAKER_B]	è
PKP125	molto	[SPEAKER_B]	molto
PKP125	così	[SPEAKER_B]	così
PKP125	sai	[SPEAKER_B]	sai
PKP125	so'	[SPEAKER_B]	sì
-	-	[SPEAKER_B]	su
PKP125	quelle	[SPEAKER_B]	quelle
PKP125	famiglie	[SPEAKER_B]	famiglie
PKP125	napoletane	[SPEAKER_B]	napoletane
PKP125	molto	[SPEAKER_B]	molto
PKP125	generose	[SPEAKER_B]	generose
PKP125	calorose	[SPEAKER_B]	elisabetta
PKP125	mh	-	-
PKP131	si	-	-
PKP131	è	-	-
PKP131	vero	-	-
PKP125	molto	[SPEAKER_B]	molto
PKP125	carine	[SPEAKER_B]	carine
PKP125	poi	[SPEAKER_B]	si
PKP125	mh	[SPEAKER_B]	è
PKP125	mio	[SPEAKER_B]	vero
PKP125	fratello	[SPEAKER_B]	è
PKP125	tu	[SPEAKER_B]	molto
PKP125	non	[SPEAKER_B]	carina
PKP125	l'hai	[SPEAKER_A]	e'
PKP125	mai	-	-
PKP125	conosciuto	-	-
PKP125	a	-	-
PKP125	rino	-	-
PKP131	l'ho	-	-
PKP131	vi~	-	-
PKP131	non	-	-
PKP131	c'ho	-	-
PKP131	avuto	-	-
PKP131	un	[SPEAKER_A]	un
-	-	[SPEAKER_A]	tiendolo
-	-	[SPEAKER_B]	grazie
-	-	[SPEAKER_B]	per
-	-	[SPEAKER_B]	la
-	-	[SPEAKER_B]	visione
-	-	[SPEAKER_A]	l'ho
-	-	[SPEAKER_A]	visto
-	-	[SPEAKER_A]	non
-	-	[SPEAKER_A]	ci
-	-	[SPEAKER_A]	ho
-	-	[SPEAKER_A]	avuto
PKP131	contatti	[SPEAKER_A]	contatti
PKP131	però	[SPEAKER_A]	però
PKP131	lo	[SPEAKER_A]	lo
PKP131	conosco	[SPEAKER_A]	conosco
PKP131	l'ho	[SPEAKER_A]	l'ho
PKP131	visto	[SPEAKER_A]	visto
PKP131	anche	[SPEAKER_A]	anche
PKP131	perché	[SPEAKER_A]	perché
PKP131	la	[SPEAKER_A]	la
PKP131	sua	[SPEAKER_A]	sua
PKP131	comitiva	[SPEAKER_A]	commitiva
PKP131	quando	[SPEAKER_A]	quando
PKP131	scende	[SPEAKER_A]	scende
PKP131	alessandro	[SPEAKER_A]	ha
PKP131	piergiorgio	-	-
PKP131	comunque	-	-
PKP131	è	-	-
PKP131	l'ex	[SPEAKER_A]	l'ex
PKP131	di	[SPEAKER_A]	vita
PKP131	chiara	[SPEAKER_B]	ma
PKP125	ah	-	-
PKP125	eh	-	-
PKP125	sì	-	-
PKP125	ma	-	-
PKP125	chiara	-	-
PKP125	si	[SPEAKER_B]	si
PKP125	vede	[SPEAKER_B]	vede
PKP125	ancora	[SPEAKER_B]	ancora
PKP125	con	[SPEAKER_B]	con
PKP131	alessandro	[SPEAKER_B]	ha
PKP125	eh	-	-
PKP131	no	-	-
PKP125	l'ha	-	-
PKP125	proprio	[SPEAKER_B]	proprio
PKP125	schifato	[SPEAKER_B]	schifato
PKP125	ma	[SPEAKER_B]	ma
PKP125	lui	[SPEAKER_B]	lui
PKP125	l'ha	[SPEAKER_B]	l'ha
PKP125	lasciata	[SPEAKER_B]	lasciata
PKP131	eh	-	-
PKP131	sì	[SPEAKER_A]	sì
PKP131	ma	[SPEAKER_A]	ma
PKP131	lui	[SPEAKER_A]	lui
PKP131	ha	[SPEAKER_A]	ha
PKP131	fatto	[SPEAKER_A]	fatto
PKP131	il	[SPEAKER_A]	il
PKP131	doppio	[SPEAKER_A]	doppio
PKP131	gioco	[SPEAKER_A]	gioco
PKP131	alla	[SPEAKER_A]	alla
PKP131	fine	[SPEAKER_A]	fine
PKP125	male	[SPEAKER_A]	ma
PKP125	il	[SPEAKER_A]	il
PKP125	doppio	[SPEAKER_A]	doppio
PKP125	gioco	[SPEAKER_A]	gioco
PKP131	mentre	[SPEAKER_A]	mentre
PKP131	stava	[SPEAKER_A]	stava
PKP131	con	[SPEAKER_A]	contro
PKP131	chiara	[SPEAKER_B]	grazie
PKP131	stava	-	-
PKP131	con	-	-
PKP131	marina	-	-
PKP125	marina	-	-
PKP131	marina	-	-
PKP131	verdino	-	-
PKP125	eh	-	-
PKP125	beh	-	-
PKP125	però	[SPEAKER_B]	però
PKP125	l~	-	-
PKP125	chiara	-	-
PKP125	non	[SPEAKER_B]	non
PKP125	sa	[SPEAKER_B]	sa
PKP125	di	[SPEAKER_B]	di
PKP125	questa	[SPEAKER_B]	questa
PKP125	cosa	[SPEAKER_B]	cosa
PKP131	sì	[SPEAKER_B]	si
PKP131	lo	[SPEAKER_B]	lo
PKP131	sa	[SPEAKER_B]	sa
PKP125	ah	[SPEAKER_B]	ah
PKP125	lo	[SPEAKER_B]	lo
PKP125	sa	[SPEAKER_B]	sa
PKP131	gliel'ha	[SPEAKER_A]	sì
PKP131	detto	[SPEAKER_A]	lo
PKP131	marina	[SPEAKER_A]	sa
PKP131	dopo	[SPEAKER_A]	dopo
PKP131	alla	[SPEAKER_A]	alla
PKP131	fine	[SPEAKER_A]	fine
PKP131	hanno	[SPEAKER_A]	non
-	-	[SPEAKER_A]	ho
PKP131	parlato	[SPEAKER_A]	parlato
PKP131	sono	[SPEAKER_A]	sono
PKP131	amiche	[SPEAKER_A]	amiche
PKP131	io	[SPEAKER_A]	io
PKP131	non	[SPEAKER_A]	non
PKP131	ce	[SPEAKER_A]	ce
PKP131	la	[SPEAKER_A]	la
PKP131	farei	[SPEAKER_A]	farei
PKP131	mai	[SPEAKER_A]	mai
PKP131	per	[SPEAKER_A]	noi
PKP131	come	-	-
PKP131	sono	-	-
PKP131	psicolabile	-	-
PKP131	io	-	-
PKP131	a	-	-
PKP131	stare	-	-
PKP131	con	-	-
PKP131	una	-	-
PKP131	che	-	-
PKP131	si	[SPEAKER_A]	si
PKP131	è	[SPEAKER_A]	è
PKP131	fatta	[SPEAKER_A]	fatta
PKP131	il	[SPEAKER_A]	il
PKP131	mio	[SPEAKER_A]	beccato
PKP131	ex	[SPEAKER_A]	non
PKP131	fidanzato	[SPEAKER_A]	lo
-	-	[SPEAKER_A]	so
PKP125	eh	[SPEAKER_B]	eh
PKP125	vabbè	[SPEAKER_B]	vabbè
PKP125	comunque	[SPEAKER_B]	comunque
PKP125	vabbè	-	-
PKP125	però	[SPEAKER_B]	però
PKP125	insomma	[SPEAKER_B]	insomma
PKP125	s'impara	-	-
PKP125	si	[SPEAKER_B]	si
PKP125	fanno	[SPEAKER_B]	impara
PKP131	al	[SPEAKER_A]	al
PKP131	momento	[SPEAKER_A]	momento
PKP131	è	[SPEAKER_A]	fidanzato
PKP131	fidanza~	-	-
PKP131	p~	-	-
PKP131	cioè	-	-
PKP131	perché	[SPEAKER_A]	perché
PKP131	si	[SPEAKER_A]	si
PKP131	erano	[SPEAKER_A]	erano
PKP131	lasciati	[SPEAKER_A]	lasciati
PKP131	comunque	[SPEAKER_A]	comunque
PKP131	da	[SPEAKER_A]	da
PKP131	poco	[SPEAKER_A]	poco
PKP131	capito	[SPEAKER_A]	capito
PKP125	ah	[SPEAKER_B]	ah
PKP125	ma	[SPEAKER_B]	ma
PKP125	lei	[SPEAKER_B]	lei
PKP125	dopo	[SPEAKER_B]	dopo
PKP125	lui	[SPEAKER_B]	lui
PKP125	subito	[SPEAKER_B]	subito
PKP125	s'è	[SPEAKER_B]	si
PKP125	messo	[SPEAKER_B]	è
PKP125	a	[SPEAKER_B]	messa
PKP125	fa'	[SPEAKER_B]	a
PKP125	lo	[SPEAKER_B]	farlo
PKP125	scemo	-	-
PKP125	con	-	-
PKP125	lei	-	-
PKP125	o	[SPEAKER_B]	o
PKP125	nel	[SPEAKER_B]	nel
PKP125	frattempo	[SPEAKER_B]	frattempo
PKP125	della	[SPEAKER_B]	della
PKP125	relazione	[SPEAKER_B]	relazione
PKP131	no	[SPEAKER_B]	no
PKP131	no	[SPEAKER_B]	no
PKP131	no	-	-
PKP125	ah	[SPEAKER_B]	ah
PKP125	vabbuò	[SPEAKER_B]	ma
PKP125	dai	[SPEAKER_B]	dai
PKP125	allora	[SPEAKER_B]	allora
PKP125	ecco	[SPEAKER_B]	ok
PKP125	okay	-	-
PKP125	ci	-	-
PKP125	s~	-	-
PKP125	cioè	-	-
PKP125	d~	-	-
PKP125	lo	[SPEAKER_B]	lo
PKP125	puoi	[SPEAKER_B]	puoi
PKP125	comprendere	[SPEAKER_B]	comprendere
PKP131	eh	[SPEAKER_A]	com'è
PKP131	sì	[SPEAKER_A]	l'anno
PKP131	però	[SPEAKER_A]	adi
PKP131	sai	[SPEAKER_A]	per
-	-	[SPEAKER_A]	comprendere
PKP131	è	[SPEAKER_A]	è
PKP131	brutto	[SPEAKER_A]	brutto
PKP131	perché	[SPEAKER_A]	perché
PKP131	tipo	[SPEAKER_A]	tipo
PKP131	al	[SPEAKER_A]	il
PKP131	pomeriggio	[SPEAKER_A]	pomeriggio
PKP131	stava	[SPEAKER_A]	stavamo
PKP131	con	[SPEAKER_A]	ok
PKP131	marina	-	-
PKP131	okay	-	-
PKP131	se	-	-
PKP131	stava	-	-
PKP131	là	-	-
PKP131	si	[SPEAKER_A]	si
-	-	[SPEAKER_A]	stava
-	-	[SPEAKER_A]	una
PKP131	faceva	[SPEAKER_A]	faceva
PKP131	a	-	-
PKP131	marina	-	-
PKP131	poi	[SPEAKER_A]	poi
PKP131	la	[SPEAKER_A]	la
PKP131	sera	[SPEAKER_A]	sera
PKP131	contattava	[SPEAKER_A]	conta
PKP131	a	[SPEAKER_A]	passate
PKP131	chiara	[SPEAKER_A]	io
PKP131	diceva	[SPEAKER_A]	vediamo
PKP131	vediamoci	[SPEAKER_A]	ci
PKP131	dobbiamo	[SPEAKER_A]	dobbiamo
PKP131	parlare	[SPEAKER_A]	parlare
PKP131	e	-	-
PKP131	si	[SPEAKER_A]	si
PKP131	scopava	[SPEAKER_A]	scopla
PKP131	a	[SPEAKER_B]	la
PKP131	chiara	-	-
PKP125	ah	-	-
PKP125	faceva	[SPEAKER_B]	faceva
PKP125	proprio	[SPEAKER_B]	proprio
PKP131	en	[SPEAKER_B]	gr
PKP131	plein	[SPEAKER_B]	duemilasedici
PKP125	voleva	[SPEAKER_B]	la
PKP125	fare	[SPEAKER_B]	faceva
PKP125	proprio	[SPEAKER_B]	proprio
PKP125	la	[SPEAKER_B]	l'analyse
-	-	[SPEAKER_B]	per
-	-	[SPEAKER_B]	coloro
-	-	[SPEAKER_B]	andando
-	-	[SPEAKER_B]	la
-	-	[SPEAKER_B]	faccia
-	-	[SPEAKER_B]	proprio
-	-	[SPEAKER_B]	l'analyse
-	-	[SPEAKER_B]	per
-	-	[SPEAKER_B]	la
-	-	[SPEAKER_B]	faccia
-	-	[SPEAKER_B]	facevi
-	-	[SPEAKER_B]	proprio
-	-	[SPEAKER_B]	la
-	-	[SPEAKER_B]	faccia
-	-	[SPEAKER_B]	proprio
-	-	[SPEAKER_B]	l'analyse
-	-	[SPEAKER_B]	per
PKP125	il	[SPEAKER_B]	il
PKP125	toro	[SPEAKER_B]	toro
PKP131	sì	[SPEAKER_A]	amplia
PKP125	eh	[SPEAKER_A]	e
PKP125	vabbè	[SPEAKER_A]	a
PKP125	eh	[SPEAKER_A]	la
PKP125	xx	[SPEAKER_A]	hand
PKP125	e	[SPEAKER_B]	e
PKP125	marina	[SPEAKER_B]	non
PKP125	giustamente	-	-
PKP125	era	[SPEAKER_B]	era
-	-	[SPEAKER_B]	giustamente
PKP125	d'accordo	[SPEAKER_B]	d'accordo
PKP125	perché	[SPEAKER_B]	perché
PKP125	era	[SPEAKER_B]	era
PKP125	innamorata	[SPEAKER_B]	innamorata
PKP131	no	[SPEAKER_A]	no
PKP131	marina	-	-
PKP131	non	[SPEAKER_A]	non
PKP131	lo	[SPEAKER_A]	lo
PKP131	sapeva	[SPEAKER_A]	sapeva
PKP131	che	-	-
PKP131	lui	[SPEAKER_A]	lui
PKP131	si	[SPEAKER_A]	si
PKP131	faceva	[SPEAKER_A]	faceva
PKP131	anche	[SPEAKER_A]	anche
PKP131	a	[SPEAKER_A]	a
PKP131	chiara	[SPEAKER_A]	s
PKP131	quando	[SPEAKER_A]	no
-	-	[SPEAKER_A]	ma
-	-	[SPEAKER_A]	l'ha
-	-	[SPEAKER_A]	scoperto
-	-	[SPEAKER_A]	ma
PKP131	l'ha	[SPEAKER_A]	l'ha
PKP131	scoperto	[SPEAKER_A]	scoperto
PKP131	ha	[SPEAKER_A]	ha
PKP131	detto	[SPEAKER_A]	detto
PKP131	no	[SPEAKER_A]	no
PKP131	eh	-	-
PKP131	cioè	-	-
PKP131	in	[SPEAKER_A]	in
PKP131	realtà	[SPEAKER_A]	realtà
PKP131	perché	[SPEAKER_A]	perché
PKP131	si	[SPEAKER_A]	si
PKP131	è	[SPEAKER_A]	è
PKP131	scoperto	[SPEAKER_A]	scoperto
PKP131	perché	[SPEAKER_A]	perchè
PKP131	eh	[SPEAKER_A]	ma
PKP131	marina	-	-
PKP131	l'ha	[SPEAKER_A]	l'ha
PKP131	detto	[SPEAKER_A]	detto
PKP131	a	[SPEAKER_A]	a
PKP131	carlotta	[SPEAKER_A]	baccina
PKP131	questo	-	-
PKP131	fatto	-	-
PKP131	di	-	-
PKP131	alessandro	-	-
PKP131	chiara	-	-
PKP131	l'ha	-	-
PKP131	detto	-	-
PKP131	a	-	-
PKP131	carlotta	-	-
PKP131	il	-	-
PKP131	fatto	-	-
PKP131	che	[SPEAKER_A]	che
PKP131	si	[SPEAKER_A]	si
PKP131	stava	[SPEAKER_A]	stava
PKP131	rivedendo	[SPEAKER_A]	rivedendo
PKP131	con	[SPEAKER_A]	con
PKP131	alessandro	[SPEAKER_A]	avo
PKP131	e	[SPEAKER_A]	e
PKP131	carlotta	[SPEAKER_A]	baccina
PKP131	ha	[SPEAKER_A]	ha
PKP131	detto	[SPEAKER_A]	detto
PKP131	che	[SPEAKER_A]	che
PKP131	succede	[SPEAKER_A]	succede
PKP125	cosa	-	-
PKP125	c'è	[SPEAKER_A]	c'è
PKP125	qualcosa	[SPEAKER_A]	qualcosa
PKP125	che	[SPEAKER_A]	che
PKP125	non	[SPEAKER_A]	non
PKP125	va	[SPEAKER_A]	va
PKP131	e	[SPEAKER_A]	e
PKP131	le	[SPEAKER_A]	li
PKP131	ha	[SPEAKER_A]	ha
PKP131	fatte	[SPEAKER_A]	fatti
PKP131	incontrare	[SPEAKER_A]	incontrare
PKP131	no	-	-
PKP131	poi	-	-
PKP131	ci	[SPEAKER_A]	ci
PKP131	stavo	[SPEAKER_A]	stava
PKP131	anche	[SPEAKER_A]	anche
PKP131	io	[SPEAKER_A]	io
PKP131	mi	[SPEAKER_A]	e
PKP131	ha	[SPEAKER_A]	si
PKP131	fatto	[SPEAKER_A]	è
PKP131	leggere	-	-
PKP131	le	-	-
PKP131	conversazioni	-	-
PKP131	cose	-	-
PKP131	e	-	-
PKP131	chiara	-	-
PKP131	ha	-	-
PKP131	fatto	[SPEAKER_A]	fatto
PKP131	una	[SPEAKER_A]	una
PKP131	cosa	[SPEAKER_A]	cosa
PKP131	plateale	[SPEAKER_A]	plateale
PKP131	che	[SPEAKER_A]	che
PKP131	ho	[SPEAKER_A]	aveva
PKP131	adorato	[SPEAKER_A]	adorato
PKP131	praticamente	-	-
PKP131	si	-	-
PKP131	è	-	-
PKP131	x	-	-
PKP131	bellissimo	[SPEAKER_A]	bellissimo
PKP131	da	[SPEAKER_A]	da
PKP131	serie	[SPEAKER_A]	serie
PKP131	tv	[SPEAKER_A]	tv
PKP131	eh	-	-
PKP131	l'ha	[SPEAKER_A]	l'ha
PKP131	chiamato	[SPEAKER_A]	chiamato
PKP131	e	-	-
PKP131	ha	-	-
PKP131	detto	-	-
PKP131	oh	-	-
PKP131	vediamoci	[SPEAKER_A]	vediamoci
PKP131	ho	[SPEAKER_A]	ho
PKP131	voglia	[SPEAKER_A]	voglia
PKP131	così	-	-
PKP131	stava	[SPEAKER_A]	stava
PKP131	facendo	[SPEAKER_A]	facendo
PKP131	pure	[SPEAKER_A]	pure
PKP131	il	[SPEAKER_A]	il
PKP131	video	[SPEAKER_A]	video
PKP131	perché	[SPEAKER_A]	perché
PKP131	gli	[SPEAKER_A]	gli
PKP131	dissi	[SPEAKER_A]	dissi
PKP131	fammi	[SPEAKER_A]	fammi
PKP131	il	[SPEAKER_A]	il
PKP131	video	[SPEAKER_A]	video
PKP131	però	[SPEAKER_A]	però
PKP131	lui	[SPEAKER_A]	lui
PKP131	poi	[SPEAKER_A]	poi
PKP131	se	[SPEAKER_A]	se
PKP131	ne	[SPEAKER_A]	ne
PKP131	accorse	[SPEAKER_A]	ha
PKP131	e	[SPEAKER_A]	acorsa
PKP131	glielo	[SPEAKER_A]	che
PKP131	fece	[SPEAKER_A]	lo
-	-	[SPEAKER_A]	f수ce
-	-	[SPEAKER_A]	a
PKP131	cancellare	[SPEAKER_A]	cancellare
PKP131	eh	-	-
PKP131	stavano	[SPEAKER_A]	stavano
PKP131	nel	[SPEAKER_A]	nel
PKP131	eh	[SPEAKER_A]	peki
-	-	[SPEAKER_A]	stavano
PKP131	per	[SPEAKER_A]	per
PKP131	sai	-	-
PKP131	se	-	-
PKP131	mi	[SPEAKER_A]	mi
PKP131	devi	[SPEAKER_A]	chiedevano
-	-	[SPEAKER_A]	a
PKP131	dire	[SPEAKER_A]	dire
PKP131	qualcosa	[SPEAKER_A]	qualcosa
PKP131	lui	[SPEAKER_A]	che
PKP131	dice	[SPEAKER_A]	cosa
PKP131	no	[SPEAKER_A]	hai
PKP131	che	-	-
PKP131	cos'hai	-	-
PKP131	chiudi	-	-
PKP131	qua	-	-
PKP131	facciamo	-	-
PKP131	di	[SPEAKER_A]	di
PKP131	che	[SPEAKER_A]	che
PKP131	vuoi	[SPEAKER_A]	vuoi
PKP131	parlare	[SPEAKER_A]	parlare
PKP131	comunque	[SPEAKER_A]	questa
PKP131	tipo	[SPEAKER_A]	è
PKP131	lei	-	-
PKP131	gli	[SPEAKER_A]	gli
PKP131	gli	[SPEAKER_A]	strinse
PKP131	strizza	-	-
PKP131	le	[SPEAKER_A]	le
PKP131	palle	[SPEAKER_A]	palle
PKP125	come	-	-
PKP131	no	-	-
PKP131	come	-	-
PKP131	bastardo	-	-
PKP131	che	[SPEAKER_A]	che
PKP131	cazzo	[SPEAKER_A]	cazzo
PKP131	mi	[SPEAKER_A]	hai
PKP131	fai	[SPEAKER_A]	male
PKP131	xxx	[SPEAKER_A]	ma
PKP125	ah	[SPEAKER_A]	no
PKP125	ma	[SPEAKER_A]	ne
PKP125	è	[SPEAKER_A]	ho
PKP125	violenza	[SPEAKER_A]	violenza
PKP125	di	-	-
PKP125	xx	-	-
PKP131	eh	-	-
PKP131	tipo	[SPEAKER_A]	tipo
PKP131	lui	[SPEAKER_A]	lui
PKP131	disse	[SPEAKER_A]	disse
PKP131	eh	-	-
PKP131	non	[SPEAKER_A]	non
PKP131	stringere	[SPEAKER_A]	stringere
PKP131	sul	[SPEAKER_A]	sul
PKP131	varicocele	[SPEAKER_A]	baricocele
PKP131	una	[SPEAKER_B]	no
PKP131	cosa	[SPEAKER_B]	cosa
PKP131	xx	[SPEAKER_B]	c'è
PKP125	xxx	[SPEAKER_B]	qualcosa
PKP125	eh	[SPEAKER_B]	di
PKP125	ecco	[SPEAKER_B]	non
PKP125	qua	[SPEAKER_B]	va
PKP131	comunque	[SPEAKER_B]	grazie
PKP131	divertentissimo	[SPEAKER_B]	ma
PKP131	questo	[SPEAKER_B]	no
PKP131	fatto	[SPEAKER_B]	non
PKP125	madonna	[SPEAKER_B]	è
PKP125	hai	[SPEAKER_B]	violenza
PKP125	capito	[SPEAKER_B]	non
PKP125	a	[SPEAKER_B]	l'avrei
PKP125	chiara	-	-
PKP125	non	-	-
PKP125	avrei	-	-
PKP125	mai	-	-
PKP125	non	-	-
PKP125	avrei	-	-
PKP125	mai	[SPEAKER_B]	mai
PKP125	immaginato	[SPEAKER_B]	immaginato
PKP131	no	[SPEAKER_A]	è
PKP131	però	[SPEAKER_A]	divertentissimo
PKP131	chiara	[SPEAKER_A]	e'
PKP131	è	[SPEAKER_A]	tutto
PKP131	così	-	-
PKP125	eh	-	-
PKP125	eh	-	-
PKP131	eh	-	-
PKP131	è	-	-
PKP131	tutta	-	-
PKP131	una	-	-
PKP131	un	[SPEAKER_A]	un
PKP131	muro	[SPEAKER_A]	muro
PKP131	una	[SPEAKER_A]	una
PKP131	corazza	[SPEAKER_A]	corazza
PKP131	che	[SPEAKER_A]	che
PKP131	c'ha	[SPEAKER_A]	ce
PKP131	fuori	[SPEAKER_A]	ha
-	-	[SPEAKER_A]	qui
PKP131	da	[SPEAKER_A]	da
-	-	[SPEAKER_A]	una
PKP131	brava	[SPEAKER_A]	brava
PKP131	ragazza	[SPEAKER_A]	ragazza
PKP131	gentile	[SPEAKER_A]	gentile
PKP131	carina	[SPEAKER_A]	carina
PKP131	poi	[SPEAKER_A]	una
PKP131	xxx	[SPEAKER_A]	famiglia
PKP125	ecco	[SPEAKER_B]	ecco
PKP125	qua	[SPEAKER_B]	qua
PKP125	vabbè	[SPEAKER_B]	vabbè
PKP125	si	[SPEAKER_B]	si
PKP125	c'ha	[SPEAKER_B]	ha
PKP125	molto	[SPEAKER_B]	molto
PKP125	la	[SPEAKER_B]	la
PKP125	l~	[SPEAKER_B]	pilda
PKP125	l'appeal	-	-
PKP125	da	-	-
PKP125	ragazza	[SPEAKER_B]	ragazza
PKP125	bon	[SPEAKER_B]	bonton
PKP125	ton	[SPEAKER_A]	oh
PKP131	eh	-	-
PKP125	ma	[SPEAKER_B]	ma
PKP125	da	[SPEAKER_B]	da
PKP125	sempre	[SPEAKER_B]	sempre
PKP125	voglio	-	-
PKP125	dire	-	-
PKP125	già	[SPEAKER_B]	già
PKP125	da	[SPEAKER_B]	da
PKP125	quando	[SPEAKER_B]	quando
PKP125	ero	[SPEAKER_B]	ero
PKP125	pi~	-	-
PKP125	era	-	-
PKP125	piccola	[SPEAKER_B]	piccola
PKP125	si	[SPEAKER_B]	si
PKP125	vedeva	[SPEAKER_B]	vedeva
PKP125	che	[SPEAKER_B]	che
PKP125	voleva	[SPEAKER_B]	voleva
PKP125	fare	[SPEAKER_B]	fare
PKP125	un	[SPEAKER_B]	un
PKP125	po'	[SPEAKER_B]	po'
PKP125	la	[SPEAKER_B]	la
PKP125	winx	[SPEAKER_B]	winx
PKP125	della	[SPEAKER_B]	della
PKP125	situazione	[SPEAKER_B]	situazione
PKP125	xx	[SPEAKER_B]	bue
PKP131	ah	-	-
PKP131	boh	-	-
PKP131	era	[SPEAKER_B]	era
PKP131	tecna	[SPEAKER_B]	tecna
PKP131	delle	[SPEAKER_B]	delle
PKP131	winx	[SPEAKER_B]	wings
PKP131	anche	[SPEAKER_B]	anche
PKP131	se	[SPEAKER_B]	se
PKP131	lei	[SPEAKER_B]	lei
PKP131	diceva	[SPEAKER_B]	diceva
PKP131	che	[SPEAKER_B]	che
PKP131	era	[SPEAKER_B]	era
PKP131	bloom	[SPEAKER_B]	bloom
PKP131	eh	-	-
PKP125	guarda	-	-
PKP125	che	-	-
PKP125	tutti	-	-
PKP125	volevano	-	-
PKP125	essere	-	-
PKP125	bloom	-	-
PKP125	per	-	-
PKP125	un	-	-
PKP125	motivo	-	-
PKP125	xxx	-	-
PKP131	no	-	-
PKP131	io	[SPEAKER_B]	io
PKP131	volevo	[SPEAKER_B]	volevo
PKP131	essere	[SPEAKER_B]	essere
PKP131	aisha	[SPEAKER_B]	aisha
PKP125	aisha	[SPEAKER_B]	aisha
PKP125	qual'era	[SPEAKER_B]	non
-	-	[SPEAKER_B]	era
PKP125	quella	[SPEAKER_B]	quella
PKP125	nera	[SPEAKER_B]	nera
PKP131	sì	-	-
PKP125	vabbè	-	-
PKP125	giustamente	-	-
PKP125	rappresentation	-	-
PKP125	nera	[SPEAKER_B]	nera
PKP125	poi	[SPEAKER_B]	poi
PKP125	mamma	[SPEAKER_B]	mamma
PKP125	mia	[SPEAKER_B]	mia
PKP131	mulatta	[SPEAKER_A]	a
PKP125	mulatta	[SPEAKER_A]	bu
PKP131	eh	[SPEAKER_A]	era
-	-	[SPEAKER_A]	a
-	-	[SPEAKER_A]	tecna
-	-	[SPEAKER_A]	delle
-	-	[SPEAKER_A]	duties
-	-	[SPEAKER_A]	se
-	-	[SPEAKER_A]	lei
-	-	[SPEAKER_A]	diceva
-	-	[SPEAKER_A]	che
-	-	[SPEAKER_A]	era
-	-	[SPEAKER_A]	blu
-	-	[SPEAKER_A]	ma
-	-	[SPEAKER_A]	che
PKP131	aveva	[SPEAKER_A]	aveva
PKP131	tutti	[SPEAKER_A]	la
PKP131	sti	[SPEAKER_A]	sera
PKP131	capelli	[SPEAKER_A]	è
PKP125	sì	[SPEAKER_A]	issa
PKP131	aisha	[SPEAKER_A]	è
PKP131	xxxx	[SPEAKER_A]	onella
PKP131	che	[SPEAKER_A]	すin'
-	-	[SPEAKER_A]	mulatta
-	-	[SPEAKER_A]	che
-	-	[SPEAKER_A]	si
-	-	[SPEAKER_A]	capisce
-	-	[SPEAKER_A]	e
PKP131	poi	[SPEAKER_A]	poi
PKP131	non	[SPEAKER_A]	non
PKP131	si	[SPEAKER_A]	si
PKP131	è	[SPEAKER_A]	è
PKP131	mai	[SPEAKER_A]	mai
PKP131	capito	[SPEAKER_A]	capito
PKP131	quale	[SPEAKER_A]	quale
PKP131	cazzo	[SPEAKER_A]	cazzo
PKP131	di	-	-
PKP131	potere	-	-
PKP131	ha	-	-
PKP131	aisha	-	-
PKP131	che	-	-
PKP131	cos'è	-	-
PKP125	non	-	-
PKP125	era	-	-
PKP125	uno	-	-
PKP125	tipo	[SPEAKER_A]	tipo
PKP125	quella	[SPEAKER_A]	draish
-	-	[SPEAKER_A]	che
-	-	[SPEAKER_A]	cos'è
-	-	[SPEAKER_B]	non
-	-	[SPEAKER_B]	era
-	-	[SPEAKER_B]	tipo
-	-	[SPEAKER_B]	quello
PKP125	dell'acqua	[SPEAKER_B]	dell'acqua
PKP125	no	[SPEAKER_B]	no
PKP131	no	[SPEAKER_B]	no
PKP131	ma	[SPEAKER_B]	ma
PKP131	quale	[SPEAKER_B]	quale
PKP131	acqua	[SPEAKER_B]	acqua
PKP125	no	[SPEAKER_B]	no
PKP125	io	-	-
PKP125	non	-	-
PKP125	mh	-	-
PKP125	non	-	-
PKP125	me	-	-
PKP125	ne	-	-
PKP125	ricordo	-	-
PKP125	xx	-	-
PKP131	con	[SPEAKER_B]	con
-	-	[SPEAKER_B]	l'epozio
-	-	[SPEAKER_A]	no
-	-	[SPEAKER_A]	ma
-	-	[SPEAKER_A]	qual
-	-	[SPEAKER_A]	è
-	-	[SPEAKER_A]	l'acqua
-	-	[SPEAKER_A]	co
PKP131	le	[SPEAKER_A]	le
PKP131	pozio~	[SPEAKER_A]	pot'su
-	-	[SPEAKER_A]	è
PKP131	tipo	[SPEAKER_A]	tipo
PKP131	xx	[SPEAKER_A]	quando
PKP131	aveva	[SPEAKER_A]	mi
PKP131	questo	[SPEAKER_A]	diceva
-	-	[SPEAKER_A]	un
PKP131	slime	[SPEAKER_A]	slime
PKP131	rosso	[SPEAKER_A]	rod
PKP131	ma	-	-
PKP131	che	-	-
PKP131	cazzo	-	-
PKP125	lei	[SPEAKER_B]	lei
PKP125	era	[SPEAKER_B]	era
PKP125	avanti	[SPEAKER_B]	avanti
PKP125	coi	[SPEAKER_B]	quei
PKP125	tempi	[SPEAKER_B]	tempi
PKP125	del	[SPEAKER_B]	del
PKP125	resto	[SPEAKER_B]	resto
PKP125	aisha	[SPEAKER_B]	isha
PKP125	e	[SPEAKER_B]	e
PKP125	quello	-	-
PKP125	c'era	[SPEAKER_B]	c'era
PKP125	una	[SPEAKER_B]	una
PKP125	bloom	[SPEAKER_B]	bloom
PKP125	del	[SPEAKER_B]	del
PKP125	resto	[SPEAKER_B]	resto
PKP125	che	[SPEAKER_B]	che
PKP125	faceva	[SPEAKER_B]	faceva
-	-	[SPEAKER_B]	il
PKP131	fuoco	[SPEAKER_B]	fuoco
PKP125	il	[SPEAKER_B]	il
PKP125	fuoco	[SPEAKER_B]	fuoco
PKP131	poi	[SPEAKER_B]	poi
PKP131	c'era	[SPEAKER_B]	c'era
PKP131	musa	[SPEAKER_B]	musa
PKP131	della	[SPEAKER_B]	con
-	-	[SPEAKER_B]	la
PKP131	musica	[SPEAKER_B]	musica
PKP125	poi	[SPEAKER_B]	a
PKP125	ah	[SPEAKER_B]	tecnà
-	-	[SPEAKER_B]	con
-	-	[SPEAKER_B]	la
-	-	[SPEAKER_B]	tecnologia
-	-	[SPEAKER_A]	poco
-	-	[SPEAKER_A]	musa
-	-	[SPEAKER_A]	con
-	-	[SPEAKER_A]	la
-	-	[SPEAKER_A]	musica
PKP131	tecna	[SPEAKER_A]	tecna
PKP131	con	[SPEAKER_A]	con
PKP131	la	[SPEAKER_A]	la
PKP131	tecnologia	[SPEAKER_A]	tecnologia
PKP125	okay	-	-
PKP131	eh	-	-
PKP131	stella	[SPEAKER_A]	stella
PKP131	con	[SPEAKER_A]	con
PKP131	la	[SPEAKER_A]	la
PKP131	luce	[SPEAKER_A]	luce
PKP131	e	[SPEAKER_A]	e
PKP131	il	[SPEAKER_A]	il
PKP131	sole	[SPEAKER_A]	sole
PKP131	queste	[SPEAKER_A]	flora
PKP131	parti	[SPEAKER_A]	e
PKP131	qua	[SPEAKER_A]	la
PKP125	eh	[SPEAKER_A]	natura
PKP125	beh	-	-
PKP131	eh	-	-
PKP131	flora	[SPEAKER_B]	flora
PKP131	la	[SPEAKER_B]	la
PKP131	natura	[SPEAKER_B]	natura
PKP125	ma	[SPEAKER_B]	ma
PKP125	lo	[SPEAKER_B]	lo
PKP125	fa	[SPEAKER_B]	fa
PKP125	ancora	[SPEAKER_B]	ancora
PKP125	sto	[SPEAKER_B]	il
PKP125	cartone	[SPEAKER_B]	supertoria
PKP125	animato	[SPEAKER_B]	ma
PKP125	o	[SPEAKER_B]	tu
PKP125	è	[SPEAKER_B]	finisci
PKP125	finito	[SPEAKER_B]	così
PKP125	per	[SPEAKER_B]	ma
PKP125	sempre	[SPEAKER_B]	no
PKP125	madonna	-	-
PKP131	l'hanno	[SPEAKER_A]	l'hanno
PKP131	riadattato	[SPEAKER_A]	riadattato
PKP131	è	[SPEAKER_A]	è
PKP131	bruttissimo	[SPEAKER_A]	bruttissimo
PKP125	beh	[SPEAKER_A]	ce
PKP125	sì	-	-
PKP131	ha	-	-
PKP131	cambiato	-	-
PKP131	xxx	-	-
PKP125	cioè	-	-
PKP125	l'hanno	[SPEAKER_A]	l'hanno
PKP125	fatto	[SPEAKER_A]	fatto
PKP125	tipo	[SPEAKER_A]	tipo
PKP131	moderno	[SPEAKER_A]	moderno
-	-	[SPEAKER_B]	bruttissimo
-	-	[SPEAKER_B]	ci
-	-	[SPEAKER_B]	hanno
-	-	[SPEAKER_B]	fatto
-	-	[SPEAKER_B]	tipo
PKP125	moderno	[SPEAKER_B]	moderno
PKP131	brutto	[SPEAKER_B]	brutto
PKP131	eh	[SPEAKER_B]	eh
PKP125	e	[SPEAKER_B]	vabbè
PKP125	poi	-	-
PKP125	quello	[SPEAKER_B]	quello
PKP125	già	[SPEAKER_B]	già
PKP125	non	[SPEAKER_B]	non
PKP125	è	[SPEAKER_B]	è
PKP125	che	[SPEAKER_B]	che
PKP125	era	-	-
PKP125	era	[SPEAKER_B]	era
PKP125	un	[SPEAKER_B]	un
PKP125	po'	[SPEAKER_B]	po'
PKP125	strano	[SPEAKER_B]	strano
PKP125	come	[SPEAKER_B]	come
PKP125	forma	[SPEAKER_B]	forma
PKP125	fisica	[SPEAKER_B]	fisica
PKP125	quelle	[SPEAKER_B]	quelle
PKP125	winx	[SPEAKER_B]	winks
PKP131	eh	[SPEAKER_B]	c'erano
PKP131	vabbè	-	-
PKP125	cioè	-	-
PKP125	hanno	-	-
PKP125	quei	[SPEAKER_B]	quei
PKP125	polpacci	[SPEAKER_B]	polpacci
PKP125	grossi	[SPEAKER_B]	grossi
PKP125	quelle	-	-
PKP125	s	-	-
PKP125	tipo	[SPEAKER_B]	tipo
PKP125	delle	[SPEAKER_B]	delle
PKP125	modelle	[SPEAKER_B]	modelle
PKP125	coi	[SPEAKER_B]	con
PKP125	polpacci	[SPEAKER_B]	polpacci
PKP125	grossi	[SPEAKER_B]	grossi
PKP131	ah	-	-
PKP131	okay	-	-
PKP125	com'erano	[SPEAKER_B]	com'erano
PKP125	ora	-	-
PKP125	devo	-	-
PKP125	vedere	-	-
PKP125	una	[SPEAKER_B]	una
PKP125	fo~	[SPEAKER_B]	bassa
PKP131	una	[SPEAKER_B]	stazione
PKP131	modella	-	-
PKP131	di	-	-
PKP131	di	-	-
PKP131	di	-	-
PKP131	gucci	-	-
PKP125	non	-	-
PKP125	dai	-	-
PKP125	basta	-	-
PKP125	questa	-	-
PKP125	storia	-	-
PKP125	della	[SPEAKER_B]	della
PKP125	modella	[SPEAKER_B]	modella
PKP125	di	[SPEAKER_B]	di
PKP125	gucci	[SPEAKER_B]	gucci
PKP131	eh	[SPEAKER_A]	c'erano
PKP131	ha	[SPEAKER_A]	quelli
PKP131	sfracassato	[SPEAKER_A]	polpacci
PKP131	proprio	[SPEAKER_A]	grossi
PKP131	eh	[SPEAKER_A]	buonasera
-	-	[SPEAKER_A]	una
-	-	[SPEAKER_A]	sfragassata
PKP125	secondo	[SPEAKER_A]	secondo
PKP125	me	[SPEAKER_A]	me
PKP125	mh	[SPEAKER_A]	cosa
PKP131	mi	[SPEAKER_A]	c'è
PKP131	piaceva	[SPEAKER_A]	la
PKP131	il	[SPEAKER_A]	posizione
PKP131	topo	[SPEAKER_B]	secondo
PKP131	squish	[SPEAKER_B]	me
-	-	[SPEAKER_B]	no
PKP125	il	[SPEAKER_B]	il
PKP125	mio	[SPEAKER_B]	mio
PKP125	topo	[SPEAKER_B]	tomo
PKP125	squish	[SPEAKER_B]	squish
PKP125	e	[SPEAKER_B]	è
PKP125	modella	[SPEAKER_B]	modella
PKP125	gucci	[SPEAKER_B]	gucci
PKP125	winx	[SPEAKER_B]	winx
PKP125	se	[SPEAKER_A]	se
PKP125	tu	[SPEAKER_A]	tu
PKP125	lo	[SPEAKER_A]	lo
PKP125	vuoi	[SPEAKER_A]	vuoi
PKP125	tu	[SPEAKER_A]	tu
PKP125	lo	[SPEAKER_A]	lo
PKP125	sarai	[SPEAKER_A]	sarai
PKP125	cioè	[SPEAKER_B]	cioè
PKP125	perché	[SPEAKER_B]	perché
PKP125	avevano	[SPEAKER_B]	avevano
PKP125	sti	[SPEAKER_B]	questi
PKP125	polpacci	[SPEAKER_B]	polpacci
PKP125	grossi	[SPEAKER_B]	grossi
PKP131	fammi	[SPEAKER_B]	le
PKP131	vedere	[SPEAKER_B]	ginocchio
PKP125	le	[SPEAKER_A]	le
PKP125	ginocchia	[SPEAKER_A]	ginocchia
PKP125	strette	[SPEAKER_A]	strette
PKP131	guarda	[SPEAKER_A]	guarda
PKP131	hai	[SPEAKER_A]	perché
PKP131	preso	[SPEAKER_A]	sulla
PKP131	la	[SPEAKER_A]	cosa
PKP131	foto	-	-
PKP131	dove	-	-
PKP131	non	[SPEAKER_A]	non
PKP131	c'è	[SPEAKER_A]	c'è
PKP131	aisha	-	-
PKP131	sei	-	-
PKP131	un	-	-
PKP131	razzista	-	-
PKP125	scusa	[SPEAKER_B]	scusa
PKP125	ma	-	-
PKP125	non	[SPEAKER_B]	non
PKP125	è	[SPEAKER_B]	è
PKP125	questa	[SPEAKER_B]	questa
PKP125	con	[SPEAKER_B]	con
PKP125	i	[SPEAKER_B]	i
PKP125	capelli	[SPEAKER_B]	capelli
PKP125	biondi	[SPEAKER_B]	biondi
PKP125	aisha	[SPEAKER_B]	aisha
PKP131	è	[SPEAKER_A]	stila
PKP131	stella	-	-
PKP131	ma	-	-
PKP131	stai	-	-
PKP131	bene	-	-
PKP125	questa	[SPEAKER_B]	questa
PKP125	qua	[SPEAKER_B]	qua
PKP125	f~	-	-
PKP125	con	[SPEAKER_B]	con
PKP125	il	[SPEAKER_B]	il
PKP125	vestitino	[SPEAKER_B]	vestitino
PKP125	rosa	[SPEAKER_B]	rosa
PKP131	è	[SPEAKER_A]	e
PKP131	flora	[SPEAKER_A]	flora
PKP125	ah	-	-
PKP125	ah	[SPEAKER_B]	ah
PKP125	vabbè	[SPEAKER_B]	vabbè
PKP125	era	[SPEAKER_B]	era
PKP125	abbastanza	[SPEAKER_B]	abbastanza
PKP125	nera	[SPEAKER_B]	nera
PKP125	ja	-	-
PKP125	diciamo	-	-
PKP125	un	-	-
PKP125	nero	-	-
PKP125	accettabile	-	-
PKP131	ma	-	-
PKP131	era	[SPEAKER_B]	era
PKP131	mulatta	[SPEAKER_B]	un
PKP131	fammi	[SPEAKER_B]	iraccettabile
PKP131	vedere	[SPEAKER_A]	che
PKP125	che	-	-
PKP125	poi	-	-
PKP125	è	[SPEAKER_A]	è
PKP125	arrivata	[SPEAKER_A]	arrivata
PKP125	dopo	[SPEAKER_A]	dopo
PKP125	però	[SPEAKER_A]	però
PKP131	sì	[SPEAKER_B]	che
-	-	[SPEAKER_B]	poi
-	-	[SPEAKER_B]	è
-	-	[SPEAKER_B]	arrivata
-	-	[SPEAKER_B]	dopo
-	-	[SPEAKER_B]	però
-	-	[SPEAKER_B]	si
PKP125	e	[SPEAKER_B]	e
PKP125	poi	[SPEAKER_B]	poi
PKP125	questa	[SPEAKER_B]	questa
PKP125	qua	[SPEAKER_B]	qua
PKP125	era	[SPEAKER_B]	era
PKP125	tipo	[SPEAKER_B]	tipo
PKP125	cinese	[SPEAKER_B]	cinese
PKP125	però	[SPEAKER_B]	però
PKP125	in	[SPEAKER_B]	in
PKP125	realtà	[SPEAKER_B]	realtà
PKP131	ma	-	-
PKP131	chi	-	-
PKP125	se	[SPEAKER_B]	se
PKP125	ci	[SPEAKER_B]	ci
PKP125	pensi	[SPEAKER_B]	pensi
PKP125	bene	[SPEAKER_B]	bene
PKP125	questa	[SPEAKER_B]	questa
PKP125	coi	[SPEAKER_B]	qui
-	-	[SPEAKER_B]	con
-	-	[SPEAKER_B]	i
PKP125	codini	[SPEAKER_B]	codini
-	-	[SPEAKER_A]	grazie
PKP131	musa	[SPEAKER_A]	musa
PKP125	musa	[SPEAKER_B]	musa
PKP131	che	[SPEAKER_A]	pensava
PKP131	ha	[SPEAKER_A]	il
PKP131	i	[SPEAKER_A]	è
PKP131	capelli	-	-
PKP131	blu	[SPEAKER_A]	blu
PKP125	eh	[SPEAKER_A]	che
PKP131	c'erano	[SPEAKER_A]	torna
PKP131	molte	[SPEAKER_A]	non
PKP131	etnie	[SPEAKER_A]	fettino
PKP125	x	[SPEAKER_B]	ma
-	-	[SPEAKER_B]	non
-	-	[SPEAKER_B]	fatme
PKP125	cinese	[SPEAKER_B]	cinese
PKP125	asiatica	[SPEAKER_B]	asiatica
PKP125	ecco	[SPEAKER_B]	speriamo
PKP125	cerchiamo	-	-
PKP125	di	[SPEAKER_B]	di
PKP125	essere	[SPEAKER_B]	essere
PKP125	abbastanza	[SPEAKER_B]	abbastanza
PKP125	politically	[SPEAKER_B]	politica
PKP125	correct	[SPEAKER_B]	di
-	-	[SPEAKER_B]	correcta
PKP125	stasera	[SPEAKER_B]	stasera
PKP125	ja	-	-
PKP125	vabbè	[SPEAKER_B]	vabbè
PKP125	non	[SPEAKER_B]	non
PKP125	ci	[SPEAKER_B]	ci
PKP125	interessa	[SPEAKER_B]	interessa
PKP125	che	[SPEAKER_B]	crazy
PKP125	ore	[SPEAKER_B]	son
PKP125	si	[SPEAKER_B]	fa
PKP125	sono	[SPEAKER_A]	ventidueventuno
PKP125	fatte	-	-
PKP125	qua	-	-
PKP131	ventidue	-	-
PKP131	e	-	-
PKP131	ventuno	-	-
PKP131	ti	[SPEAKER_A]	ti
PKP131	vuoi	[SPEAKER_A]	fumo
PKP131	fuma'	-	-
PKP131	una	[SPEAKER_A]	una
PKP131	sigaretta	[SPEAKER_A]	sigaretta
PKP125	eh	[SPEAKER_B]	ora
PKP125	andiamoci	[SPEAKER_B]	facciamo
PKP125	a	[SPEAKER_B]	la
PKP125	fuma'	[SPEAKER_B]	cigarette
PKP125	una	[SPEAKER_B]	aspettare
PKP125	sigaretta	[SPEAKER_B]	che
PKP125	aspetta	[SPEAKER_B]	spari
PKP125	che	[SPEAKER_B]	qui
PKP125	sparecchio	-	-
PKP125	qua	[SPEAKER_B]	qua
PKP125	finisco	[SPEAKER_B]	finisco
PKP125	di	[SPEAKER_B]	di
PKP125	bere	[SPEAKER_B]	bere
PKP125	il	[SPEAKER_B]	il
PKP125	vino	[SPEAKER_B]	vino
PKP125	le	[SPEAKER_B]	le
PKP125	ripetizioni	[SPEAKER_B]	ripetizioni
PKP125	ma	[SPEAKER_B]	ma
PKP125	non	[SPEAKER_B]	non
PKP125	hai	[SPEAKER_B]	hai
PKP125	visto	[SPEAKER_B]	visto
PKP125	qualcosa	[SPEAKER_B]	qualcosa
PKP125	per	[SPEAKER_B]	per
PKP125	fare	[SPEAKER_B]	fare
PKP125	il	[SPEAKER_B]	il
PKP125	servizio	[SPEAKER_B]	servizio
PKP125	civile	[SPEAKER_B]	civile
PKP125	tipo	[SPEAKER_B]	tipo
PKP125	ste	[SPEAKER_B]	queste
PKP125	cose	[SPEAKER_B]	cose
PKP125	qua	[SPEAKER_B]	qua
PKP125	no	[SPEAKER_B]	no
-	-	[SPEAKER_B]	no
-	-	[SPEAKER_B]	tu
-	-	[SPEAKER_B]	com'è
-	-	[SPEAKER_B]	la
-	-	[SPEAKER_B]	fai
PKP131	il	[SPEAKER_B]	il
PKP131	servizio	[SPEAKER_B]	servizio
PKP131	civile	[SPEAKER_B]	civile
PKP125	eh	[SPEAKER_B]	si
PKP125	ma	[SPEAKER_B]	deve
-	-	[SPEAKER_B]	fare
-	-	[SPEAKER_B]	scuolo
-	-	[SPEAKER_A]	noi
-	-	[SPEAKER_A]	no
PKP125	tu	[SPEAKER_A]	tu
PKP125	come	[SPEAKER_A]	come
PKP125	lo	[SPEAKER_A]	me
PKP125	fai	[SPEAKER_A]	ha
PKP125	mo	[SPEAKER_A]	ma
PKP125	il	[SPEAKER_A]	servizi
PKP125	servizio	-	-
PKP125	civile	-	-
PKP125	se	-	-
PKP125	devi	-	-
PKP125	fa'	-	-
PKP125	la	-	-
PKP125	scuola	-	-
PKP131	beh	-	-
PKP131	servizio	-	-
PKP131	che	[SPEAKER_A]	che
PKP131	intendi	[SPEAKER_A]	intendi
PKP131	per	[SPEAKER_A]	per
PKP131	servizio	[SPEAKER_A]	servizi
PKP131	civile	[SPEAKER_A]	civili
PKP125	no	[SPEAKER_B]	no
PKP125	niente	[SPEAKER_B]	niente
PKP125	una	[SPEAKER_B]	una
PKP125	cosa	[SPEAKER_B]	cosa
PKP125	che	[SPEAKER_B]	che
PKP125	non	[SPEAKER_B]	non
PKP125	potrai	[SPEAKER_B]	potrei
PKP125	fare	[SPEAKER_B]	fare
PKP131	che	-	-
PKP131	cosa	-	-
PKP125	il	[SPEAKER_B]	il
PKP125	servizio	[SPEAKER_B]	servizio
PKP125	civile	[SPEAKER_B]	civile
PKP125	martina	[SPEAKER_B]	ma
PKP131	che	[SPEAKER_B]	che
PKP131	cazzo	[SPEAKER_B]	cazzo
PKP131	è	[SPEAKER_B]	è
PKP131	il	[SPEAKER_B]	il
PKP131	servizio	[SPEAKER_B]	servizio
PKP131	civile	[SPEAKER_B]	civile
PKP125	d~	[SPEAKER_B]	tu
-	-	[SPEAKER_B]	fai
-	-	[SPEAKER_B]	un
-	-	[SPEAKER_B]	bando
PKP125	tu	[SPEAKER_A]	tu
PKP125	fai	[SPEAKER_A]	fai
PKP125	un	[SPEAKER_A]	un
PKP125	bando	[SPEAKER_A]	bando
PKP131	sopra	[SPEAKER_A]	sopra
PKP131	il	[SPEAKER_A]	il
PKP131	booster	[SPEAKER_A]	booster
PKP131	xxx	[SPEAKER_A]	con
-	-	[SPEAKER_A]	tutti
PKP125	fai	[SPEAKER_B]	fai
PKP125	u	[SPEAKER_B]	un
PKP125	bando	[SPEAKER_B]	bando
PKP125	e	-	-
PKP125	de~	-	-
PKP125	che	[SPEAKER_B]	che
PKP125	devi	[SPEAKER_B]	devi
PKP125	vincere	[SPEAKER_B]	vincere
PKP125	ti	-	-
PKP125	dev~	-	-
PKP125	ti	[SPEAKER_B]	ti
PKP125	devono	[SPEAKER_B]	devono
PKP125	raccomandare	[SPEAKER_B]	raccomandare
PKP125	praticamente	[SPEAKER_B]	praticamente
PKP125	perché	[SPEAKER_B]	perché
PKP125	non	[SPEAKER_B]	non
PKP125	vinci	[SPEAKER_B]	vinci
PKP125	mai	[SPEAKER_B]	mai
PKP125	se	-	-
PKP125	non	-	-
PKP125	c'hai	-	-
PKP125	cioè	[SPEAKER_B]	cioè
PKP125	chiunque	[SPEAKER_B]	chiunque
PKP125	ho	[SPEAKER_B]	camarader
PKP125	parlato	-	-
PKP125	che	[SPEAKER_B]	che
PKP125	ha	[SPEAKER_B]	ha
PKP125	fatto	[SPEAKER_B]	fatto
PKP125	il	-	-
PKP125	il	[SPEAKER_B]	il
PKP125	servizio	[SPEAKER_B]	servizio
PKP125	civile	[SPEAKER_B]	civile
PKP125	ha	[SPEAKER_B]	ha
PKP125	avuto	[SPEAKER_B]	avuto
PKP125	la	[SPEAKER_B]	la
PKP125	buttata	[SPEAKER_B]	buttata
PKP125	tutti	-	-
PKP125	almeno	[SPEAKER_B]	almeno
PKP125	al	[SPEAKER_B]	al
PKP125	sud	[SPEAKER_B]	sud
PKP125	in	[SPEAKER_B]	in
PKP125	campania	[SPEAKER_B]	campagna
PKP125	eh	[SPEAKER_A]	grazie
PKP125	eh	-	-
PKP125	niente	[SPEAKER_B]	niente
PKP125	ti	[SPEAKER_B]	di
PKP125	mettono	[SPEAKER_B]	mettono
PKP125	a	[SPEAKER_B]	a
PKP125	fare	[SPEAKER_B]	fare
PKP125	delle	[SPEAKER_B]	delle
PKP125	cose	[SPEAKER_B]	cose
PKP125	nei	-	-
PKP125	servizi	-	-
PKP125	civili	-	-
PKP125	ehm	-	-
PKP125	del	[SPEAKER_B]	del
PKP125	servizio	[SPEAKER_B]	servizio
PKP125	civile	[SPEAKER_B]	civile
PKP125	puoi	[SPEAKER_B]	puoi
PKP125	lavorare	[SPEAKER_B]	lavorare
PKP125	con	[SPEAKER_B]	con
PKP125	i	[SPEAKER_B]	i
PKP125	vecchi	[SPEAKER_B]	vecchi
PKP125	puoi	[SPEAKER_B]	buoi
PKP125	lavorare	[SPEAKER_B]	lavorare
PKP125	con	[SPEAKER_B]	con
PKP125	gli	[SPEAKER_B]	gli
PKP125	immigrati	[SPEAKER_B]	immigrati
PKP125	puoi	[SPEAKER_B]	puoi
PKP125	lavorare	[SPEAKER_B]	lavorare
PKP125	puoi	[SPEAKER_B]	puoi
PKP125	spazzare	[SPEAKER_B]	spazzare
PKP125	a	[SPEAKER_B]	a
PKP125	terra	[SPEAKER_B]	terra
PKP125	puoi	[SPEAKER_B]	puoi
PKP125	fare	[SPEAKER_B]	fare
PKP125	varie	[SPEAKER_B]	varie
PKP125	cose	[SPEAKER_B]	cose
PKP125	insomma	[SPEAKER_B]	ma
PKP125	dai	[SPEAKER_B]	dopo
PKP125	e	-	-
PKP125	xxxx	-	-
PKP125	ma	-	-
PKP125	marò	-	-
PKP125	topo	-	-
PKP125	squish	[SPEAKER_B]	squish
PKP131	x	[SPEAKER_B]	poi
PKP125	ma	[SPEAKER_B]	quanto
PKP125	quant'è	[SPEAKER_B]	è
PKP125	bello	[SPEAKER_B]	bello
PKP125	questo	[SPEAKER_B]	questo
PKP125	topo	[SPEAKER_B]	dopo
PKP125	sqush	[SPEAKER_B]	squish
PKP125	ja	[SPEAKER_B]	adoro
PKP131	e	-	-
PKP131	poi	-	-
PKP131	è	-	-
PKP131	anche	[SPEAKER_B]	anche
PKP131	profumato	-	-
PKP131	si	-	-
PKP125	odora	-	-
PKP125	a~	-	-
PKP125	odora	-	-
PKP125	anche	-	-
PKP125	di	[SPEAKER_B]	di
PKP125	vaniglia	[SPEAKER_B]	vaniglia
-	-	[SPEAKER_A]	tra
-	-	[SPEAKER_A]	bagno
-	-	[SPEAKER_A]	quattro
PKP131	ma	[SPEAKER_A]	ma
PKP131	tutti	[SPEAKER_A]	tutti
PKP131	questi	[SPEAKER_A]	questi
PKP131	cosi	[SPEAKER_A]	cosi
PKP131	qua	[SPEAKER_A]	qui
PKP131	odorano	[SPEAKER_A]	adora
PKP125	ma	[SPEAKER_B]	ma
PKP125	a	[SPEAKER_B]	a
PKP125	me	[SPEAKER_B]	me
PKP125	sai	[SPEAKER_B]	sai
PKP125	che	[SPEAKER_B]	che
PKP125	sembra	[SPEAKER_B]	sembra
PKP125	sto	[SPEAKER_B]	questo
PKP125	coso	[SPEAKER_B]	caso
PKP125	hai	[SPEAKER_B]	hai
PKP125	presente	[SPEAKER_B]	presente
PKP125	quei	[SPEAKER_B]	quei
PKP125	dolci	[SPEAKER_B]	dolci
PKP125	di	[SPEAKER_B]	di
PKP125	coniglietti	[SPEAKER_B]	coniglietti
PKP125	dal	[SPEAKER_B]	dal
PKP125	cinese	[SPEAKER_B]	cinese
PKP125	non	[SPEAKER_B]	non
PKP125	li	-	-
PKP125	hai	[SPEAKER_B]	hai
PKP125	mai	[SPEAKER_B]	mai
PKP125	mangiati	[SPEAKER_B]	mangiato
PKP125	i	[SPEAKER_B]	i
PKP125	dolci	[SPEAKER_B]	dolci
PKP125	di	[SPEAKER_B]	di
PKP125	coniglietti	[SPEAKER_B]	coniglietti
PKP131	xx	-	-
PKP125	no	[SPEAKER_B]	no
PKP131	che	[SPEAKER_B]	che
PKP131	succede	[SPEAKER_B]	succede
PKP131	no	[SPEAKER_B]	no
PKP125	veramente	[SPEAKER_B]	veramente
PKP131	giuro	-	-
PKP125	e	-	-
PKP125	scrivi	[SPEAKER_B]	scrivi
PKP125	su	[SPEAKER_B]	su
PKP125	google	[SPEAKER_B]	google
PKP125	dolci	[SPEAKER_B]	dolci
PKP125	dolci	-	-
PKP125	di	[SPEAKER_B]	di
PKP125	coniglietti	[SPEAKER_B]	coniglietti
PKP131	ma	[SPEAKER_A]	che
PKP131	che	[SPEAKER_A]	succede
PKP131	che	-	-
PKP131	co~	-	-
PKP131	come	[SPEAKER_A]	come
PKP131	è	[SPEAKER_A]	i
PKP131	grammaticalmente	[SPEAKER_A]	grammaticalmente
PKP131	strutturata	[SPEAKER_A]	strutturi
PKP131	xx	[SPEAKER_A]	i
PKP131	frase	[SPEAKER_A]	quali
-	-	[SPEAKER_A]	avranno
PKP131	dolci	[SPEAKER_A]	dolci
PKP131	di	[SPEAKER_A]	di
PKP131	coniglietti	[SPEAKER_A]	corridilla
PKP125	così	-	-
PKP125	xx	-	-
PKP125	li	-	-
PKP125	chiamavano	-	-
PKP131	di	-	-
PKP131	io	-	-
PKP131	immagino	[SPEAKER_A]	immagino
PKP131	i	[SPEAKER_A]	i
PKP131	co~	[SPEAKER_A]	corridilli
-	-	[SPEAKER_A]	che
-	-	[SPEAKER_A]	impastano
-	-	[SPEAKER_B]	sono
-	-	[SPEAKER_B]	dolci
-	-	[SPEAKER_B]	di
-	-	[SPEAKER_B]	coniglietti
-	-	[SPEAKER_B]	consiglio
-	-	[SPEAKER_B]	a
-	-	[SPEAKER_B]	dirle
-	-	[SPEAKER_B]	sì
-	-	[SPEAKER_B]	immagino
PKP131	i	[SPEAKER_B]	i
PKP131	conigli	[SPEAKER_B]	conigli
PKP131	che	[SPEAKER_B]	che
PKP131	impastano	[SPEAKER_B]	impastano
PKP125	dolci	-	-
PKP125	di	-	-
PKP125	qua~	-	-
PKP125	no	[SPEAKER_B]	no
PKP125	sono	[SPEAKER_B]	sono
PKP125	dei	[SPEAKER_B]	dei
PKP125	conigli	[SPEAKER_B]	conigli
PKP125	di	[SPEAKER_B]	di
PKP125	praticamente	[SPEAKER_B]	praticamente
PKP125	hai	-	-
PKP125	presente	[SPEAKER_B]	presente
PKP125	quella	[SPEAKER_B]	quella
PKP125	pasta	[SPEAKER_B]	pasta
PKP125	di	[SPEAKER_B]	di
PKP125	riso	[SPEAKER_B]	riso
PKP125	il	[SPEAKER_B]	il
PKP125	pane	[SPEAKER_B]	pane
PKP125	di	[SPEAKER_B]	di
PKP125	riso	[SPEAKER_B]	riso
PKP125	sai	[SPEAKER_B]	sai
PKP125	quel	[SPEAKER_B]	quel
PKP125	tipo	[SPEAKER_B]	tipo
PKP125	pane	[SPEAKER_B]	pane
PKP125	scu~	-	-
PKP131	ah	[SPEAKER_B]	ah
PKP131	eccoli	[SPEAKER_B]	eccoli
PKP125	che	[SPEAKER_B]	che
PKP125	hai	[SPEAKER_B]	è
PKP125	scritto	[SPEAKER_B]	scritto
PKP125	dolci	[SPEAKER_B]	dolci
PKP125	dei	[SPEAKER_B]	di
PKP125	coniglietti	[SPEAKER_B]	coniglietti
PKP131	eh	-	-
PKP131	sì	-	-
PKP131	xxx	-	-
PKP125	ti	-	-
PKP125	piacciono	-	-
PKP125	vedi	[SPEAKER_B]	vedi
PKP125	è	[SPEAKER_B]	è
PKP125	un	[SPEAKER_B]	un
PKP125	dolce	[SPEAKER_B]	dolce
PKP125	di	[SPEAKER_B]	di
PKP125	coniglietti	[SPEAKER_B]	coniglietti
PKP131	te	[SPEAKER_B]	pure
PKP131	prego	[SPEAKER_B]	che
PKP131	ti	[SPEAKER_B]	impasta
PKP131	prego	-	-
PKP131	basta	-	-
PKP131	così	[SPEAKER_B]	così
-	-	[SPEAKER_B]	che
-	-	[SPEAKER_B]	tra
-	-	[SPEAKER_B]	l'altro
-	-	[SPEAKER_B]	fanno
-	-	[SPEAKER_B]	schifissimo
-	-	[SPEAKER_B]	parii
-	-	[SPEAKER_A]	ah
-	-	[SPEAKER_A]	eccoli
PKP125	che	[SPEAKER_A]	che
PKP125	tra	[SPEAKER_A]	tra
PKP125	l'altro	[SPEAKER_A]	l'altro
PKP125	fanno	[SPEAKER_A]	fanno
PKP125	schifissimo	[SPEAKER_A]	schifissimo
PKP131	panini	[SPEAKER_A]	panini
PKP131	dolci	[SPEAKER_A]	dolci
PKP131	quelli	[SPEAKER_A]	sono
PKP131	so'	-	-
PKP131	panini	[SPEAKER_A]	panini
PKP125	xx	-	-
PKP125	sì	[SPEAKER_B]	sì
PKP125	è	[SPEAKER_B]	è
PKP125	una	[SPEAKER_B]	una
PKP125	specie	[SPEAKER_B]	specie
PKP125	di	[SPEAKER_B]	di
PKP125	immagina	[SPEAKER_B]	immagina
PKP125	questo	[SPEAKER_B]	questo
PKP125	è	[SPEAKER_B]	è
PKP125	un	[SPEAKER_B]	un
PKP125	coniglietto	[SPEAKER_B]	coniglietto
PKP125	commestibile	[SPEAKER_B]	commestibile
PKP125	tipo	[SPEAKER_B]	tipo
PKP125	di	[SPEAKER_B]	di
PKP125	pane	[SPEAKER_B]	pane
PKP125	di	[SPEAKER_B]	di
PKP125	riso	[SPEAKER_B]	riso
PKP131	mhmh	-	-
PKP125	e	[SPEAKER_B]	e
PKP125	dentro	[SPEAKER_B]	dentro
PKP125	c'è	[SPEAKER_B]	c'è
PKP125	tipo	[SPEAKER_B]	tipo
PKP125	marmellata	[SPEAKER_B]	marmellata
PKP125	e	[SPEAKER_B]	e
PKP125	hanno	[SPEAKER_B]	hanno
PKP125	proprio	[SPEAKER_B]	proprio
PKP125	gli	[SPEAKER_B]	gli
PKP125	occhietti	[SPEAKER_B]	occhietti
PKP125	così	[SPEAKER_B]	così
PKP125	colorati	[SPEAKER_B]	colorati
PKP131	rossi	[SPEAKER_B]	rossi
PKP125	dolci	[SPEAKER_B]	dolci
PKP125	di	[SPEAKER_B]	di
PKP125	coniglietti	[SPEAKER_B]	coniglietti
PKP131	xx	-	-
PKP125	xx	-	-
PKP125	però	[SPEAKER_B]	però
PKP125	non	[SPEAKER_B]	non
PKP125	li	[SPEAKER_B]	li
PKP125	vedi	[SPEAKER_B]	vedi
PKP125	sempre	[SPEAKER_B]	sempre
PKP131	ma	[SPEAKER_B]	ma
PKP131	io	-	-
PKP131	infatti	[SPEAKER_B]	infatti
PKP131	non	[SPEAKER_B]	non
PKP131	li	[SPEAKER_B]	me
PKP131	ho	[SPEAKER_B]	lo
PKP131	mai	[SPEAKER_B]	ma
PKP131	visti	[SPEAKER_B]	è
PKP125	ma	[SPEAKER_B]	una
PKP125	io	[SPEAKER_B]	vita
-	-	[SPEAKER_B]	che
-	-	[SPEAKER_B]	non
-	-	[SPEAKER_B]	parla
-	-	[SPEAKER_B]	dal
-	-	[SPEAKER_B]	cinese
-	-	[SPEAKER_A]	ok
-	-	[SPEAKER_A]	rossi
-	-	[SPEAKER_A]	ma
PKP125	è	[SPEAKER_A]	è
PKP125	una	[SPEAKER_A]	una
PKP125	vita	[SPEAKER_A]	vita
PKP125	che	[SPEAKER_A]	che
PKP125	non	[SPEAKER_A]	non
PKP125	vado	[SPEAKER_A]	vado
PKP125	dal	[SPEAKER_A]	dal
PKP125	cinese	[SPEAKER_A]	cinese
PKP125	xxx	-	-
PKP131	io	-	-
PKP131	ci	-	-
PKP131	andai	-	-
PKP131	ultimamente	-	-
PKP125	ma	[SPEAKER_A]	ma
PKP125	dal	[SPEAKER_A]	dal
-	-	[SPEAKER_A]	giapponese
-	-	[SPEAKER_A]	dal
-	-	[SPEAKER_A]	giapponese
-	-	[SPEAKER_B]	ma
PKP125	dal	[SPEAKER_B]	dal
PKP125	giapponese	[SPEAKER_B]	giapponese
PKP125	o	[SPEAKER_B]	o
PKP125	dal	[SPEAKER_B]	dal
PKP125	cinese	[SPEAKER_B]	cinese
PKP131	dal	[SPEAKER_B]	dal
PKP131	giapponese	[SPEAKER_B]	giapponese
PKP125	ah	-	-
PKP125	ma	[SPEAKER_B]	ma
PKP125	tu	[SPEAKER_B]	tu
PKP125	xx	-	-
PKP125	sei	[SPEAKER_B]	sei
PKP125	mai	[SPEAKER_B]	mai
PKP125	andata	[SPEAKER_B]	andato
PKP125	dal	[SPEAKER_B]	da
PKP125	quel	[SPEAKER_B]	quel
PKP125	cinese	[SPEAKER_B]	cinese
PKP125	tipo	[SPEAKER_B]	tipo
PKP125	a	[SPEAKER_B]	a
PKP125	pozzuoli	[SPEAKER_B]	puzzuoli
PKP125	non	[SPEAKER_B]	non
PKP125	ti	-	-
PKP125	ci	[SPEAKER_B]	ci
PKP125	ho	[SPEAKER_B]	sono
PKP125	mai	[SPEAKER_B]	mai
PKP125	porta~	[SPEAKER_B]	portato
PKP125	forse	[SPEAKER_B]	forse
PKP125	una	[SPEAKER_B]	una
PKP125	volta	[SPEAKER_B]	volta
PKP125	ci	[SPEAKER_B]	ce
PKP125	andammo	[SPEAKER_B]	andammo
PKP125	ti	[SPEAKER_B]	ti
PKP125	ricordi	[SPEAKER_B]	ricordi
PKP125	io	[SPEAKER_B]	e
PKP125	tu	-	-
PKP125	paolo	-	-
PKP125	eh	-	-
PKP125	raffaele	-	-
PKP125	forse	-	-
PKP131	no	[SPEAKER_A]	no
PKP131	non	[SPEAKER_A]	non
PKP131	era	[SPEAKER_A]	era
PKP131	là	[SPEAKER_A]	l'aira
PKP131	era	[SPEAKER_B]	si
PKP125	sì	[SPEAKER_B]	si
PKP125	sì	[SPEAKER_B]	al
PKP125	eh	[SPEAKER_B]	andam
PKP125	là	-	-
PKP125	andammo	-	-
PKP125	dal	[SPEAKER_B]	dal
PKP125	mio	[SPEAKER_B]	mio
PKP125	cinese	[SPEAKER_B]	cinese
PKP125	preferito	[SPEAKER_B]	preferito
PKP131	dimmi	[SPEAKER_A]	dimmi
PKP131	il	[SPEAKER_A]	il
PKP131	nome	[SPEAKER_A]	nome
PKP125	cin	[SPEAKER_B]	единza
PKP125	dan	[SPEAKER_B]	questo
PKP125	cin	-	-
PKP125	dan	-	-
PKP131	ni	-	-
PKP131	hao	-	-
PKP125	così	-	-
PKP125	si	[SPEAKER_B]	si
PKP125	chiamava	[SPEAKER_B]	chiama
PKP125	a	-	-
PKP125	arco	[SPEAKER_B]	arco
PKP125	felice	[SPEAKER_B]	felice
PKP131	arco	[SPEAKER_B]	l'ho
PKP131	felice	[SPEAKER_B]	sceso
PKP131	sì	[SPEAKER_B]	ti
PKP125	quello	[SPEAKER_B]	fo
PKP125	era	-	-
PKP125	buono	-	-
PKP131	quello	-	-
PKP131	al	-	-
PKP131	coso	-	-
PKP131	lì	-	-
PKP131	xxx	-	-
PKP125	però	-	-
PKP125	hanno	-	-
PKP125	chiuso	-	-
PKP125	tipo	-	-
PKP125	dieci	[SPEAKER_B]	dieci
PKP125	volte	[SPEAKER_B]	volte
PKP125	perché	[SPEAKER_B]	perché
PKP125	era	[SPEAKER_B]	era
PKP125	sporco	[SPEAKER_B]	sporco
PKP125	ma	[SPEAKER_B]	ma
PKP125	quello	[SPEAKER_B]	quello
PKP125	era	[SPEAKER_B]	era
PKP125	troppo	[SPEAKER_B]	troppo
PKP125	buono	[SPEAKER_B]	buono
PKP125	mi	[SPEAKER_B]	mi
PKP125	credi	[SPEAKER_B]	credo
PKP125	uno	[SPEAKER_B]	uno
PKP125	dei	[SPEAKER_B]	dei
PKP125	cinesi	[SPEAKER_B]	cinesi
PKP125	proprio	[SPEAKER_B]	proprio
PKP125	più	[SPEAKER_B]	più
PKP125	buoni	[SPEAKER_B]	buoni
PKP131	x	[SPEAKER_A]	nihal
-	-	[SPEAKER_A]	arco
-	-	[SPEAKER_A]	felice
-	-	[SPEAKER_A]	sì
PKP131	ti	[SPEAKER_A]	ti
PKP131	giuro	[SPEAKER_A]	giuro
PKP131	le	[SPEAKER_A]	le
PKP131	tue	[SPEAKER_A]	tue
PKP131	frasi	[SPEAKER_A]	frasi
PKP131	sono	[SPEAKER_A]	sono
PKP131	proprio	[SPEAKER_A]	proprio
PKP131	grammaticalmente	[SPEAKER_A]	grammaticalmente
PKP131	sco~	[SPEAKER_B]	il
PKP131	che	[SPEAKER_B]	nostro
PKP131	chi	[SPEAKER_B]	corso
PKP131	ti	[SPEAKER_B]	gratuito
PKP131	sente	[SPEAKER_B]	è
-	-	[SPEAKER_B]	wwwmesmerisminfo
-	-	[SPEAKER_A]	che
PKP131	dice	[SPEAKER_A]	dice
PKP131	x	-	-
PKP125	spesso	[SPEAKER_B]	spesso
PKP125	me	[SPEAKER_B]	me
PKP125	lo	[SPEAKER_B]	lo
PKP125	dicono	[SPEAKER_B]	dicono
PKP131	xx	[SPEAKER_B]	e
PKP125	tra	[SPEAKER_B]	tra
PKP125	l'altro	[SPEAKER_B]	l'altro
PKP125	futuro	[SPEAKER_B]	futuro
PKP125	insegnante	[SPEAKER_B]	insegnante
PKP125	di	[SPEAKER_B]	di
PKP125	italiano	[SPEAKER_B]	italiano
PKP125	ma	[SPEAKER_A]	ovo
PKP125	perché	[SPEAKER_B]	vedete
-	-	[SPEAKER_B]	che
PKP125	sono	[SPEAKER_B]	sono
PKP125	grammaticalmente	[SPEAKER_B]	grammaticalmente
PKP125	scorretto	[SPEAKER_B]	scosti
PKP131	è	[SPEAKER_A]	era
PKP131	uno	[SPEAKER_A]	uno
PKP131	dei	[SPEAKER_A]	dei
PKP131	cinesi	[SPEAKER_A]	finestri
PKP131	più	[SPEAKER_A]	più
PKP131	buoni	[SPEAKER_A]	buoni
PKP131	che	[SPEAKER_A]	che
PKP131	abbia	[SPEAKER_A]	abbia
PKP131	mai	[SPEAKER_A]	mai
PKP131	assaggiato	[SPEAKER_A]	assaggiato
PKP125	vabbè	-	-
PKP125	dei	[SPEAKER_B]	dei
PKP125	ristoranti	[SPEAKER_B]	ristoranti
PKP125	cinesi	[SPEAKER_B]	cimili
PKP131	eh	-	-
